"exp","dpi","synID","comID","syncom","strain","rep","cell","total_area","cell_area","logCell"
"e1","07dpi","C","Com01","C.01","meL85",1,34761,0.0062619928,5551108.26700408,6.74437969775231
"e1","07dpi","C","Com01","C.01","meL85",2,34587,0.010269668192,3367879.0155015,6.52735648192386
"e1","07dpi","C","Com01","C.01","meL85",3,30764,0.006011513088,5117513.60259203,6.70905900571125
"e1","07dpi","C","Com04","C.04","meL92",1,27429,0.01377638416,1991015.90674574,6.29907472973324
"e1","07dpi","C","Com04","C.04","meL92",2,24751,0.011522066752,2148138.91749965,6.33206236322525
"e1","07dpi","C","Com04","C.04","meL92",3,18100,0.011772546464,1537475.3504137,6.18680816167339
"e1","07dpi","C","Com04","C.04","meL92",4,18389,0.013651144304,1347066.56017194,6.12938905526361
"e1","07dpi","C","Com07","C.07","mr01",1,55751,0.02254317408,2473076.76382012,6.39323759698648
"e1","07dpi","C","Com07","C.07","mr01",2,46906,0.013024945024,3601243.60706092,6.55645250032821
"e1","07dpi","C","Com07","C.07","mr01",3,17540,0.019787897248,886400.398191516,5.9476299424795
"e1","07dpi","C","Com07","C.07","mr01",4,22308,0.017909299408,1245609.86400368,6.09538203875837
"e1","07dpi","C","Com10","C.10","smfr1",1,22673,0.011522066752,1967789.32877337,6.29397860108278
"e1","07dpi","C","Com10","C.10","smfr1",2,19195,0.012899705168,1488018.50507534,6.17260833215215
"e1","07dpi","C","Com10","C.10","smfr1",3,6013,0.010895867472,551860.603614361,5.74182939163078
"e1","07dpi","C","Com10","C.10","smfr1",4,7945,0.010520147904,755217.519040691,5.87807205588542
"e1","07dpi","C","Com13","C.13","spfa2",1,12462,0.013275424736,938727.027407705,5.97253932205788
"e1","07dpi","C","Com13","C.13","spfa2",2,22334,0.011522066752,1938367.52387529,6.28743612486041
"e1","07dpi","C","Com13","C.13","spfa2",3,5627,0.013275424736,423865.911027376,5.62722849029313
"e1","07dpi","C","Com13","C.13","spfa2",4,8689,0.01377638416,630717.022629834,5.79983455246857
"e1","07dpi","S2","Com02","S2.02","meL85",1,3177,0.007890110928,402655.935891298,5.60493410577747
"e1","07dpi","S2","Com02","S2.02","meL85",2,14099,0.011522066752,1223651.9978113,6.08765792359436
"e1","07dpi","S2","Com02","S2.02","meL85",3,453,0.00438339496,103344.554650854,5.01428759806646
"e1","07dpi","S2","Com02","S2.02","meL85",4,904,0.00563579352,160403.321518422,5.20521335710392
"e1","07dpi","S2","Com02","S2.02","mr01",1,29365,0.008015350784,3663595.11783533,6.56390747159899
"e1","07dpi","S2","Com02","S2.02","mr01",2,44084,0.011522066752,3826049.69653972,6.58275060677669
"e1","07dpi","S2","Com02","S2.02","mr01",3,6726,0.005761033376,1167498.8775486,6.06725647170095
"e1","07dpi","S2","Com02","S2.02","mr01",4,10445,0.0062619928,1667999.36275877,6.22219588038421
"e1","07dpi","S2","Com03","S2.03","meL85",1,3042,0.006637712368,458290.42166173,5.66114078052009
"e1","07dpi","S2","Com03","S2.03","meL85",2,5036,0.006136752944,820629.418514196,5.91414708181121
"e1","07dpi","S2","Com03","S2.03","meL85",3,2124,0.002755276832,770884.426323954,5.88698927199113
"e1","07dpi","S2","Com03","S2.03","meL85",4,648,0.002129077552,304357.161340265,5.48338352489622
"e1","07dpi","S2","Com03","S2.03","meL92",1,15664,0.006762952224,2316148.25614359,6.36476635504
"e1","07dpi","S2","Com03","S2.03","meL92",2,15333,0.0062619928,2448581.54420107,6.38891457174278
"e1","07dpi","S2","Com03","S2.03","meL92",3,2658,0.002630036976,1010632.17903595,6.0045931222767
"e1","07dpi","S2","Com03","S2.03","meL92",4,4244,0.002129077552,1993351.53198778,6.29958389425493
"e1","07dpi","S2","Com05","S2.05","meL92",1,4605,0.005510553664,835669.205089879,5.92203439845058
"e1","07dpi","S2","Com05","S2.05","meL92",2,12902,0.00751439136,1716972.05826661,6.23476322757829
"e1","07dpi","S2","Com05","S2.05","meL92",3,13911,0.005886273232,2363294.98338177,6.37351793308365
"e1","07dpi","S2","Com05","S2.05","meL92",4,8233,0.007013431936,1173890.34001171,6.06962752880922
"e1","07dpi","S2","Com05","S2.05","mr01",1,7219,0.005510553664,1310031.70283254,6.11728180573106
"e1","07dpi","S2","Com05","S2.05","mr01",2,18710,0.00751439136,2489888.94823812,6.39617997752027
"e1","07dpi","S2","Com05","S2.05","mr01",3,9796,0.005886273232,1664210.88758593,6.22120835892086
"e1","07dpi","S2","Com05","S2.05","mr01",4,3575,0.006637712368,538589.170756307,5.73125761694021
"e1","07dpi","S2","Com06","S2.06","meL92",1,12984,0.00688819208,1884964.85713563,6.27530325772784
"e1","07dpi","S2","Com06","S2.06","meL92",2,7701,0.006136752944,1254898.16361752,6.0986084837665
"e1","07dpi","S2","Com06","S2.06","meL92",3,1390,0.00563579352,246637.85056483,5.39205972688266
"e1","07dpi","S2","Com06","S2.06","meL92",4,15499,0.006387232656,2426559.48745513,6.38499094257355
"e1","07dpi","S2","Com06","S2.06","smfr1",1,4457,0.00688819208,647049.319797714,5.81093738499584
"e1","07dpi","S2","Com06","S2.06","smfr1",2,1350,0.005761033376,234332.95936524,5.36983337721734
"e1","07dpi","S2","Com06","S2.06","smfr1",3,903,0.005510553664,163867.3815844,5.21449251423122
"e1","07dpi","S2","Com06","S2.06","smfr1",4,1755,0.005510553664,318479.794773667,5.50308188471956
"e1","07dpi","S2","Com08","S2.08","meL85",1,5568,0.007013431936,793905.188046299,5.89976864000021
"e1","07dpi","S2","Com08","S2.08","meL85",2,4118,0.006011513088,685018.88621356,5.83570254531033
"e1","07dpi","S2","Com08","S2.08","meL85",3,12168,0.007639631216,1592747.03921782,6.20214680643808
"e1","07dpi","S2","Com08","S2.08","meL85",4,1181,0.007639631216,154588.613849132,5.18917750300665
"e1","07dpi","S2","Com08","S2.08","smfr1",1,12181,0.007013431936,1736810.18239798,6.23975235659232
"e1","07dpi","S2","Com08","S2.08","smfr1",2,6061,0.006011513088,1008232.02266644,6.00356048703833
"e1","07dpi","S2","Com08","S2.08","smfr1",3,15410,0.007639631216,2017113.07317115,6.30473024411156
"e1","07dpi","S2","Com08","S2.08","smfr1",4,8748,0.007639631216,1145081.45127198,6.05883637975874
"e1","07dpi","S2","Com09","S2.09","mr01",1,18200,0.00688819208,2642202.74182598,6.42196613889473
"e1","07dpi","S2","Com09","S2.09","mr01",2,21141,0.00688819208,3069165.28378808,6.48702027712659
"e1","07dpi","S2","Com09","S2.09","mr01",3,24089,0.00751439136,3205715.38610946,6.50592496164599
"e1","07dpi","S2","Com09","S2.09","mr01",4,13218,0.01001918848,1319268.52423082,6.12033320094637
"e1","07dpi","S2","Com09","S2.09","smfr1",1,9710,0.00688819208,1409658.71555661,6.14911398081766
"e1","07dpi","S2","Com09","S2.09","smfr1",2,8639,0.00688819208,1254175.24651839,6.09835822491441
"e1","07dpi","S2","Com09","S2.09","smfr1",3,9826,0.007263911648,1352714.69094829,6.13120620663977
"e1","07dpi","S2","Com09","S2.09","smfr1",4,808,0.006512472512,124069.621562496,5.09366545754369
"e1","07dpi","S2","Com11","S2.11","smfr1",1,19327,0.008892029776,2173519.48732386,6.33716353833835
"e1","07dpi","S2","Com11","S2.11","smfr1",2,7261,0.007263911648,999599.162525497,5.99982588359816
"e1","07dpi","S2","Com11","S2.11","smfr1",3,9328,0.008391070352,1111657.94215713,6.04597117511802
"e1","07dpi","S2","Com11","S2.11","smfr1",4,6404,0.006387232656,1002625.134374,6.00113858755323
"e1","07dpi","S2","Com11","S2.11","spfa2",1,20738,0.008892029776,2332200.91727232,6.36776596182626
"e1","07dpi","S2","Com11","S2.11","spfa2",2,10146,0.007138671792,1421272.79354266,6.1526774427128
"e1","07dpi","S2","Com11","S2.11","spfa2",3,2526,0.008516310208,296607.326213545,5.47218187391698
"e1","07dpi","S2","Com11","S2.11","spfa2",4,4935,0.006387232656,772635.077785086,5.88797442131162
"e1","07dpi","S2","Com12","S2.12","meL85",1,7324,0.005886273232,1244250.76977127,6.09490791809784
"e1","07dpi","S2","Com12","S2.12","meL85",2,1270,0.005886273232,215756.209395072,5.33396330342414
"e1","07dpi","S2","Com12","S2.12","meL85",3,1957,0.008015350784,244156.500786778,5.38766829207802
"e1","07dpi","S2","Com12","S2.12","meL85",4,657,0.002880516688,228084.080448834,5.35809497394609
"e1","07dpi","S2","Com12","S2.12","spfa2",1,17331,0.005886273232,2944307.767737,6.46898320472926
"e1","07dpi","S2","Com12","S2.12","spfa2",2,4019,0.005260073952,764057.698936321,5.88312615619804
"e1","07dpi","S2","Com12","S2.12","spfa2",3,3786,0.00814059064,465076.81904516,5.66752469338883
"e1","07dpi","S2","Com12","S2.12","spfa2",4,810,0.002755276832,293981.349021847,5.46831977846035
"e1","07dpi","S2","Com14","S2.14","mr01",1,44501,0.0093929892,4737682.44085706,6.67556594731004
"e1","07dpi","S2","Com14","S2.14","mr01",2,2779,0.00751439136,369823.697870322,5.56799473679763
"e1","07dpi","S2","Com14","S2.14","mr01",3,5824,0.010144428336,574108.250075769,5.75899378783023
"e1","07dpi","S2","Com14","S2.14","mr01",4,9874,0.009893948624,997983.755044815,5.99912347199697
"e1","07dpi","S2","Com14","S2.14","spfa2",1,20151,0.0093929892,2145323.45038787,6.33149278003056
"e1","07dpi","S2","Com14","S2.14","spfa2",2,16517,0.007890110928,2093379.94747138,6.3208480597361
"e1","07dpi","S2","Com14","S2.14","spfa2",3,11965,0.010269668192,1165081.4589434,6.06635629096964
"e1","07dpi","S2","Com14","S2.14","spfa2",4,24603,0.009267749344,2654689.83749848,6.42401378728883
"e1","07dpi","S2","Com15","S2.15","meL92",1,16806,0.007639631216,2199844.40673033,6.34239196460035
"e1","07dpi","S2","Com15","S2.15","meL92",2,3190,0.001377638416,2315556.79846837,6.36465543830286
"e1","07dpi","S2","Com15","S2.15","meL92",3,20340,0.011021107328,1845549.57997048,6.26612571684046
"e1","07dpi","S2","Com15","S2.15","meL92",4,2124,0.007013431936,302847.453198696,5.48122392580713
"e1","07dpi","S2","Com15","S2.15","spfa2",1,7297,0.007639631216,955150.817321861,5.9800719516458
"e1","07dpi","S2","Com15","S2.15","spfa2",2,3284,0.001377638416,2383789.50663641,6.37726790369308
"e1","07dpi","S2","Com15","S2.15","spfa2",3,10816,0.010269668192,1053198.58419823,6.02251026661775
"e1","07dpi","S2","Com15","S2.15","spfa2",4,6346,0.00688819208,921286.736243279,5.96439481867405
"e1","07dpi","S3","Com01","S3.01","meL85",1,2727,0.004884354384,558313.297031234,5.74687797131903
"e1","07dpi","S3","Com01","S3.01","meL85",2,2127,0.00250479712,849170.57074866,5.92899493464265
"e1","07dpi","S3","Com01","S3.01","meL85",3,11884,0.00250479712,4744496.03327554,6.67619008787155
"e1","07dpi","S3","Com01","S3.01","meL85",4,839,0.002129077552,394067.374019263,5.59557047985433
"e1","07dpi","S3","Com01","S3.01","smfr1",1,9508,0.00500959424,1897958.10688252,6.27828662213208
"e1","07dpi","S3","Com01","S3.01","smfr1",2,5808,0.00250479712,2318750.66991454,6.36525405243196
"e1","07dpi","S3","Com01","S3.01","smfr1",3,7898,0.00250479712,3153149.58522469,6.49874457414045
"e1","07dpi","S3","Com01","S3.01","smfr1",4,3806,0.00250479712,1519484.34051218,6.18169622869092
"e1","07dpi","S3","Com01","S3.01","spfa2",1,4882,0.00500959424,974530.025010569,5.98879522415711
"e1","07dpi","S3","Com01","S3.01","spfa2",2,2297,0.00250479712,917040.33897963,5.96238843993495
"e1","07dpi","S3","Com01","S3.01","spfa2",3,2770,0.00250479712,1105877.98823403,6.04370721380437
"e1","07dpi","S3","Com01","S3.01","spfa2",4,1703,0.002254317408,755439.315668896,5.8781995832632
"e1","07dpi","S3","Com02","S3.02","meL92",1,12727,0.00250479712,5081050.236915,6.7059534888499
"e1","07dpi","S3","Com02","S3.02","meL92",2,1905,0.00250479712,760540.638117629,5.88112242475156
"e1","07dpi","S3","Com02","S3.02","meL92",3,3485,0.00250479712,1391330.24873488,6.14343022717395
"e1","07dpi","S3","Com02","S3.02","meL92",4,3733,0.00250479712,1490340.26356594,6.17328543466623
"e1","07dpi","S3","Com02","S3.02","smfr1",1,2238,0.00250479712,893485.537064175,5.95108752693225
"e1","07dpi","S3","Com02","S3.02","smfr1",2,11950,0.00250479712,4770845.47270639,6.67859535002408
"e1","07dpi","S3","Com02","S3.02","smfr1",3,8359,0.00250479712,3337196.42730985,6.52338176997098
"e1","07dpi","S3","Com02","S3.02","smfr1",4,6900,0.00250479712,2754714.12231582,6.44007653547718
"e1","07dpi","S3","Com02","S3.02","spfa2",1,2876,0.00250479712,1148196.7848957,6.06001632645077
"e1","07dpi","S3","Com02","S3.02","spfa2",2,6267,0.00250479712,2501999.04413815,6.39828713943989
"e1","07dpi","S3","Com02","S3.02","spfa2",3,2798,0.00250479712,1117056.5382956,6.04807515489573
"e1","07dpi","S3","Com02","S3.02","spfa2",4,3484,0.00250479712,1390931.01480411,6.14330559107555
"e1","07dpi","S3","Com03","S3.03","mr01",1,18308,0.00250479712,7309174.80454465,6.86386834849518
"e1","07dpi","S3","Com03","S3.03","mr01",2,6382,0.00250479712,2547910.94617675,6.40618424459741
"e1","07dpi","S3","Com03","S3.03","mr01",3,2806,0.00250479712,1120250.40974177,6.04931511143226
"e1","07dpi","S3","Com03","S3.03","mr01",4,2637,0.00250479712,1052779.87544157,6.02233757453336
"e1","07dpi","S3","Com03","S3.03","smfr1",1,6490,0.00250479712,2591028.21069996,6.41347214154029
"e1","07dpi","S3","Com03","S3.03","smfr1",2,7655,0.00250479712,3056135.74004748,6.4851726397742
"e1","07dpi","S3","Com03","S3.03","smfr1",3,6398,0.00250479712,2554298.68906908,6.40727168048801
"e1","07dpi","S3","Com03","S3.03","smfr1",4,3541,0.00250479712,1413687.34885802,6.15035337149803
"e1","07dpi","S3","Com03","S3.03","spfa2",1,4565,0.00250479712,1822502.89396692,6.26066822661024
"e1","07dpi","S3","Com03","S3.03","spfa2",2,3269,0.00250479712,1305095.71968847,6.11564236532029
"e1","07dpi","S3","Com03","S3.03","spfa2",3,1320,0.00250479712,526988.78861694,5.72180137594577
"e1","07dpi","S3","Com03","S3.03","spfa2",4,753,0.002379557264,316445.420915914,5.50029881565178
"e1","07dpi","S3","Com04","S3.04","meL85",1,4565,0.002630036976,1735717.04187325,6.2394789275403
"e1","07dpi","S3","Com04","S3.04","meL85",2,816,0.00250479712,325774.887508654,5.51291760349378
"e1","07dpi","S3","Com04","S3.04","meL85",3,116,0.001628118128,71247.9014913345,4.85277207732399
"e1","07dpi","S3","Com04","S3.04","meL85",4,280,0.002254317408,124206.111795238,5.09414296664282
"e1","07dpi","S3","Com04","S3.04","meL92",1,1785,0.002630036976,678697.682309696,5.8316763661182
"e1","07dpi","S3","Com04","S3.04","meL92",2,3555,0.00250479712,1419276.6238888,6.15206704980571
"e1","07dpi","S3","Com04","S3.04","meL92",3,969,0.00250479712,386857.678916526,5.58755122179069
"e1","07dpi","S3","Com04","S3.04","meL92",4,5173,0.00250479712,2065237.12387533,6.314969923149
"e1","07dpi","S3","Com04","S3.04","smfr1",1,7493,0.002630036976,2849009.37453588,6.45469387826809
"e1","07dpi","S3","Com04","S3.04","smfr1",2,5677,0.00250479712,2266451.02498361,6.35534633896533
"e1","07dpi","S3","Com04","S3.04","smfr1",3,3930,0.00250479712,1568989.34792771,6.19561999511535
"e1","07dpi","S3","Com04","S3.04","smfr1",4,11196,0.00250479712,4469823.0889055,6.65029033453405
"e1","07dpi","S3","Com05","S3.05","meL85",1,38,0.001127158704,33713.087487279,4.52779852758139
"e1","07dpi","S3","Com05","S3.05","meL85",2,174,0.001628118128,106871.852237002,5.02886333637967
"e1","07dpi","S3","Com05","S3.05","meL85",3,334,0.002379557264,140362.245134018,5.14725030626264
"e1","07dpi","S3","Com05","S3.05","meL85",4,5,0.000500959424,9980.84826926023,3.99916745341196
"e1","07dpi","S3","Com05","S3.05","mr01",1,10042,0.002630036976,3818197.26932995,6.58185836270831
"e1","07dpi","S3","Com05","S3.05","mr01",2,12472,0.00250479712,4979245.58456854,6.69716354692071
"e1","07dpi","S3","Com05","S3.05","mr01",3,10696,0.00250479712,4270206.1235203,6.63044883899385
"e1","07dpi","S3","Com05","S3.05","mr01",4,7550,0.00250479712,3014216.17731659,6.47917439636911
"e1","07dpi","S3","Com05","S3.05","smfr1",1,7201,0.002630036976,2737984.31950259,6.43743095659089
"e1","07dpi","S3","Com05","S3.05","smfr1",2,14542,0.00250479712,5805659.82126329,6.76385158504777
"e1","07dpi","S3","Com05","S3.05","smfr1",3,8302,0.00250479712,3314440.09325594,6.52041017378242
"e1","07dpi","S3","Com05","S3.05","smfr1",4,48999,0.00250479712,19562063.3738193,7.2914146615253
"e1","07dpi","S3","Com06","S3.06","meL92",1,1184,0.002630036976,450183.784792538,5.65338984805688
"e1","07dpi","S3","Com06","S3.06","meL92",2,1159,0.00250479712,462712.125762904,5.66531088070352
"e1","07dpi","S3","Com06","S3.06","meL92",3,3208,0.00250479712,1280742.44991147,6.10746180435205
"e1","07dpi","S3","Com06","S3.06","meL92",4,425,0.002254317408,188527.133974915,5.27537386535091
"e1","07dpi","S3","Com06","S3.06","mr01",1,3801,0.002630036976,1445226.82938888,6.15993601527309
"e1","07dpi","S3","Com06","S3.06","mr01",2,6413,0.00250479712,2560287.19803063,6.40828868465716
"e1","07dpi","S3","Com06","S3.06","mr01",3,4621,0.00250479712,1844859.99409006,6.26596341325863
"e1","07dpi","S3","Com06","S3.06","mr01",4,1239,0.00250479712,494650.840224537,5.69429875111599
"e1","07dpi","S3","Com06","S3.06","smfr1",1,9757,0.002630036976,3709833.77383513,6.56935445065994
"e1","07dpi","S3","Com06","S3.06","smfr1",2,35569,0.00250479712,14200351.6835727,7.15229910018191
"e1","07dpi","S3","Com06","S3.06","smfr1",3,9222,0.00250479712,3681735.30956471,6.56605256262331
"e1","07dpi","S3","Com06","S3.06","smfr1",4,7388,0.00250479712,2949540.28053178,6.46975433150813
"e1","07dpi","S3","Com07","S3.07","meL85",1,2101,0.001127158704,1863978.8634414,6.27044098337053
"e1","07dpi","S3","Com07","S3.07","meL85",2,1828,0.002254317408,810888.472720342,5.90896112669841
"e1","07dpi","S3","Com07","S3.07","meL85",3,2349,0.002379557264,987158.424610201,5.99438685622868
"e1","07dpi","S3","Com07","S3.07","meL85",4,5182,0.00187859784,2758440.30566968,6.44066358999803
"e1","07dpi","S3","Com07","S3.07","meL92",1,2011,0.001127158704,1784132.07728732,6.25142700156132
"e1","07dpi","S3","Com07","S3.07","meL92",2,2552,0.002003837696,1273556.2391576,6.1050181277971
"e1","07dpi","S3","Com07","S3.07","meL92",3,5785,0.002379557264,2431124.51527033,6.38580720273884
"e1","07dpi","S3","Com07","S3.07","meL92",4,6927,0.00187859784,3687324.5845955,6.56671136898506
"e1","07dpi","S3","Com07","S3.07","spfa2",1,1691,0.001001918848,1687761.4423319,6.2273110610097
"e1","07dpi","S3","Com07","S3.07","spfa2",2,1699,0.002129077552,797998.174563441,5.90200189789468
"e1","07dpi","S3","Com07","S3.07","spfa2",3,2334,0.00250479712,931811.994418135,5.96932829644927
"e1","07dpi","S3","Com07","S3.07","spfa2",4,2212,0.00187859784,1177473.93981886,6.07095130398088
"e1","07dpi","S3","Com08","S3.08","meL85",1,1835,0.00250479712,732594.262963701,5.86486351332803
"e1","07dpi","S3","Com08","S3.08","meL85",2,1778,0.00250479712,709837.928909787,5.85115920137412
"e1","07dpi","S3","Com08","S3.08","meL85",3,659,0.002254317408,292327.955975222,5.46587034989461
"e1","07dpi","S3","Com08","S3.08","meL85",4,1712,0.002254317408,759431.6549766,5.88048869564173
"e1","07dpi","S3","Com08","S3.08","mr01",1,3150,0.00250479712,1257586.88192679,6.09953799852952
"e1","07dpi","S3","Com08","S3.08","mr01",2,8858,0.00250479712,3536414.15876428,6.54856312068866
"e1","07dpi","S3","Com08","S3.08","mr01",3,2006,0.002254317408,889848.072361601,5.949315863985
"e1","07dpi","S3","Com08","S3.08","mr01",4,11821,0.00250479712,4719344.29563701,6.67388166207296
"e1","07dpi","S3","Com08","S3.08","spfa2",1,4774,0.00250479712,1905942.78549793,6.28010985941066
"e1","07dpi","S3","Com08","S3.08","spfa2",2,3249,0.00250479712,1297111.04107306,6.1129771560849
"e1","07dpi","S3","Com08","S3.08","spfa2",3,805,0.002254317408,357092.57141131,5.55278081566847
"e1","07dpi","S3","Com08","S3.08","spfa2",4,2503,0.00250479712,999282.528718334,5.99968829434815
"e1","07dpi","S3","Com09","S3.09","meL92",1,794,0.00125239856,633983.48206341,5.802077942831
"e1","07dpi","S3","Com09","S3.09","meL92",2,731,0.002129077552,343341.180462552,5.53572589598349
"e1","07dpi","S3","Com09","S3.09","meL92",3,588,0.001753357984,335356.501847144,5.5255067308018
"e1","07dpi","S3","Com09","S3.09","meL92",4,870,0.002379557264,365614.231337112,5.56302309206969
"e1","07dpi","S3","Com09","S3.09","mr01",1,954,0.00125239856,761738.33990994,5.881805815108
"e1","07dpi","S3","Com09","S3.09","mr01",2,2528,0.00250479712,1009263.37698759,6.00400451435027
"e1","07dpi","S3","Com09","S3.09","mr01",3,4297,0.001753357984,2450726.0007435,6.38929475840957
"e1","07dpi","S3","Com09","S3.09","mr01",4,17158,0.00250479712,6850055.78415868,6.83569410823018
"e1","07dpi","S3","Com09","S3.09","spfa2",1,693,0.001127158704,614820.25338643,5.78874816557639
"e1","07dpi","S3","Com09","S3.09","spfa2",2,1893,0.00250479712,755749.830948384,5.87837805870372
"e1","07dpi","S3","Com09","S3.09","spfa2",3,1537,0.001753357984,876603.645134455,5.94280327222541
"e1","07dpi","S3","Com09","S3.09","spfa2",4,5521,0.00250479712,2204170.53178343,6.34324519188006
"e1","07dpi","S3","Com10","S3.10","meL85",1,1216,0.00250479712,485468.459816817,5.68616101967664
"e1","07dpi","S3","Com10","S3.10","meL85",2,88,0.000125239856,702651.71815592,5.84674011255407
"e1","07dpi","S3","Com10","S3.10","meL85",3,1814,0.00250479712,724210.350417522,5.859864727464
"e1","07dpi","S3","Com10","S3.10","meL92",1,2869,0.00250479712,1145402.1473803,6.05895799298592
"e1","07dpi","S3","Com10","S3.10","meL92",2,3,0.000125239856,23954.0358462245,4.37937869512357
"e1","07dpi","S3","Com10","S3.10","meL92",3,314,0.002254317408,139288.282513232,5.14391458337381
"e1","07dpi","S3","Com10","S3.10","mr01",1,3077,0.00250479712,1228442.80498055,6.08935494098738
"e1","07dpi","S3","Com10","S3.10","mr01",2,270,0.000125239856,2155863.22616021,6.33362120456289
"e1","07dpi","S3","Com10","S3.10","mr01",3,5257,0.00250479712,2098772.77406004,6.32196542175835
"e1","14dpi","C","Com01","C.01","meL85",1,51182,0.01127158704,4540798.00993135,6.65713218344175
"e1","14dpi","C","Com01","C.01","meL85",2,22762,0.006011513088,3786401.13841502,6.57822662203444
"e1","14dpi","C","Com01","C.01","meL85",3,27872,0.009768708768,2853191.82523919,6.45533097104099
"e1","14dpi","C","Com01","C.01","meL85",4,14087,0.010520147904,1339049.61494351,6.12679666894404
"e1","14dpi","C","Com04","C.04","meL92",1,22840,0.010770627616,2120582.08809213,6.32645508873415
"e1","14dpi","C","Com04","C.04","meL92",2,23362,0.01127158704,2072645.1312574,6.31652495056004
"e1","14dpi","C","Com04","C.04","meL92",3,19708,0.012273505888,1605735.16482107,6.20567391831428
"e1","14dpi","C","Com04","C.04","meL92",4,18824,0.011522066752,1633734.67670047,6.21318152722631
"e1","14dpi","C","Com07","C.07","mr01",1,17089,0.01001918848,1705627.16073388,6.23188410319013
"e1","14dpi","C","Com07","C.07","mr01",2,28160,0.009267749344,3038493.91634992,6.482658371143
"e1","14dpi","C","Com07","C.07","mr01",3,38104,0.01001918848,3803102.42451892,6.58013802191549
"e1","14dpi","C","Com07","C.07","mr01",4,23843,0.009518229056,2504982.79246286,6.39880474690422
"e1","14dpi","C","Com10","C.10","smfr1",1,3777,0.005260073952,718050.741199922,5.85615513483353
"e1","14dpi","C","Com10","C.10","smfr1",2,27742,0.010520147904,2637035.16843635,6.42111592173731
"e1","14dpi","C","Com10","C.10","smfr1",4,11164,0.009768708768,1142832.71874894,6.05798266553002
"e1","14dpi","C","Com13","C.13","spfa2",1,4782,0.005761033376,830059.416062651,5.91910918050209
"e1","14dpi","C","Com13","C.13","spfa2",2,3156,0.004508634816,699990.158617451,5.845091934174
"e1","14dpi","C","Com13","C.13","spfa2",3,17242,0.01001918848,1720897.85858585,6.23575509416896
"e1","14dpi","C","Com13","C.13","spfa2",4,12451,0.009893948624,1258445.99291705,6.09983458223528
"e1","14dpi","S2","Com02","S2.02","meL85",1,2440,0.005134834096,475185.751746243,5.6768634100229
"e1","14dpi","S2","Com02","S2.02","meL85",2,4946,0.003506715968,1410436.44399317,6.14935352108696
"e1","14dpi","S2","Com02","S2.02","meL85",3,6009,0.005260073952,1142379.37619018,6.05781035401924
"e1","14dpi","S2","Com02","S2.02","meL85",4,3655,0.005385313808,678697.682309696,5.8316763661182
"e1","14dpi","S2","Com02","S2.02","mr01",1,22113,0.005134834096,4306468.24932978,6.63412124960357
"e1","14dpi","S2","Com02","S2.02","mr01",2,11195,0.003631955824,3082361.27929292,6.48888354042
"e1","14dpi","S2","Com02","S2.02","mr01",3,21073,0.005260073952,4006217.43958325,6.60273451716135
"e1","14dpi","S2","Com02","S2.02","mr01",4,18779,0.005385313808,3487076.27252908,6.54246144676692
"e1","14dpi","S2","Com03","S2.03","meL85",1,1822,0.00500959424,363702.110931843,5.56074582171292
"e1","14dpi","S2","Com03","S2.03","meL85",2,3719,0.004884354384,761410.76335136,5.88161901173638
"e1","14dpi","S2","Com03","S2.03","meL85",3,3130,0.003882435536,806194.96987831,5.90644008411608
"e1","14dpi","S2","Com03","S2.03","meL85",4,2924,0.005260073952,555885.720748893,5.74498551829183
"e1","14dpi","S2","Com03","S2.03","meL92",1,9580,0.005134834096,1865688.32038074,6.27083909276271
"e1","14dpi","S2","Com03","S2.03","meL92",2,10179,0.004884354384,2084001.11862154,6.31889794774218
"e1","14dpi","S2","Com03","S2.03","meL92",3,12858,0.003882435536,3311838.63344898,6.5200691679951
"e1","14dpi","S2","Com03","S2.03","meL92",4,5720,0.005260073952,1087437.18286035,6.03640417879903
"e1","14dpi","S2","Com05","S2.05","meL92",1,3619,0.00500959424,722413.797729055,5.85878603218414
"e1","14dpi","S2","Com05","S2.05","meL92",2,8393,0.002630036976,3191209.8866248,6.50395536878309
"e1","14dpi","S2","Com05","S2.05","meL92",3,6487,0.00563579352,1151035.78173673,6.06108882455879
"e1","14dpi","S2","Com05","S2.05","meL92",4,12919,0.00563579352,2292312.51183241,6.36027382486272
"e1","14dpi","S2","Com05","S2.05","mr01",1,5233,0.00500959424,1044595.57986078,6.01894818381561
"e1","14dpi","S2","Com05","S2.05","mr01",2,14586,0.002630036976,5545929.6325878,6.74397435489696
"e1","14dpi","S2","Com05","S2.05","mr01",3,6466,0.00563579352,1147309.59838287,6.0596806269041
"e1","14dpi","S2","Com05","S2.05","mr01",4,9440,0.00563579352,1675008.13621007,6.22401692092663
"e1","14dpi","S2","Com06","S2.06","meL92",1,2346,0.001502878272,1561004.6693123,6.19340420213579
"e1","14dpi","S2","Com06","S2.06","meL92",3,10883,0.00563579352,1931050.16381083,6.28579355580076
"e1","14dpi","S2","Com06","S2.06","meL92",4,3251,0.002630036976,1236104.29422343,6.09205511516611
"e1","14dpi","S2","Com06","S2.06","smfr1",1,914,0.001502878272,608166.354540257,5.78402239009011
"e1","14dpi","S2","Com06","S2.06","smfr1",3,3624,0.00563579352,643032.784494206,5.80823311563334
"e1","14dpi","S2","Com06","S2.06","smfr1",4,883,0.002630036976,335736.724638354,5.52599884924755
"e1","14dpi","S2","Com08","S2.08","meL85",1,2193,0.00375719568,583680.006786338,5.76617481736176
"e1","14dpi","S2","Com08","S2.08","meL85",2,4567,0.00500959424,911650.680914229,5.95982846068294
"e1","14dpi","S2","Com08","S2.08","meL85",3,3402,0.00500959424,679096.916240466,5.83193175835249
"e1","14dpi","S2","Com08","S2.08","meL85",4,11439,0.004884354384,2341967.65850395,6.36958089337074
"e1","14dpi","S2","Com08","S2.08","smfr1",1,7036,0.00375719568,1872673.29126707,6.27246201646966
"e1","14dpi","S2","Com08","S2.08","smfr1",2,6412,0.00500959424,1279943.98204993,6.10719096275805
"e1","14dpi","S2","Com08","S2.08","smfr1",3,5805,0.00500959424,1158776.48406111,6.06399967315053
"e1","14dpi","S2","Com08","S2.08","smfr1",4,13401,0.004884354384,2743658.41346372,6.43833004056891
"e1","14dpi","S2","Com09","S2.09","mr01",1,15835,0.00563579352,2809719.68611086,6.44866299433649
"e1","14dpi","S2","Com09","S2.09","mr01",2,13101,0.005510553664,2377438.05773779,6.37610921055872
"e1","14dpi","S2","Com09","S2.09","mr01",3,15024,0.004007675392,3748806.60993414,6.57389303700603
"e1","14dpi","S2","Com09","S2.09","mr01",4,17832,0.004132915248,4314629.97181693,6.6349435559982
"e1","14dpi","S2","Com09","S2.09","smfr1",1,7962,0.00563579352,1412755.80301955,6.15006709987664
"e1","14dpi","S2","Com09","S2.09","smfr1",2,5718,0.005510553664,1037645.280066,6.01604891493969
"e1","14dpi","S2","Com09","S2.09","smfr1",3,5457,0.004007675392,1361637.22513383,6.13406141586714
"e1","14dpi","S2","Com09","S2.09","smfr1",4,8690,0.004132915248,2102632.03539082,6.32276327697468
"e1","14dpi","S2","Com11","S2.11","smfr1",1,5065,0.003256236256,1555476.81488625,6.19186354212938
"e1","14dpi","S2","Com11","S2.11","smfr1",2,6117,0.00125239856,4884227.90904518,6.68879592090171
"e1","14dpi","S2","Com11","S2.11","smfr1",3,8568,0.004633874672,1848992.60477885,6.26693517416071
"e1","14dpi","S2","Com11","S2.11","smfr1",4,6232,0.00500959424,1244012.92828059,6.09482489374045
"e1","14dpi","S2","Com11","S2.11","spfa2",1,5046,0.003256236256,1549641.85743653,6.19023133861464
"e1","14dpi","S2","Com11","S2.11","spfa2",2,5323,0.00125239856,4250244.42698178,6.62841390657666
"e1","14dpi","S2","Com11","S2.11","spfa2",3,10670,0.004633874672,2302608.67098393,6.36222013576138
"e1","14dpi","S2","Com11","S2.11","spfa2",4,9141,0.00500959424,1824698.68058615,6.26119115801828
"e1","14dpi","S2","Com12","S2.12","meL85",1,5102,0.002003837696,2546114.39348828,6.40587791202175
"e1","14dpi","S2","Com12","S2.12","meL85",2,1968,0.003005756544,654743.646463471,5.81607129278762
"e1","14dpi","S2","Com12","S2.12","meL85",4,1106,0.0031309964,353242.181945658,5.54807255870055
"e1","14dpi","S2","Com12","S2.12","spfa2",1,1966,0.002003837696,981117.38486828,5.9917209712441
"e1","14dpi","S2","Com12","S2.12","spfa2",2,14703,0.003005756544,4891613.73676444,6.68945215592459
"e1","14dpi","S2","Com12","S2.12","spfa2",4,3030,0.0031309964,967743.048187472,5.98576006023417
"e1","14dpi","S2","Com14","S2.14","mr01",1,10102,0.00250479712,4033061.16864267,6.60563480891625
"e1","14dpi","S2","Com14","S2.14","mr01",2,14939,0.00250479712,5964155.69177914,6.77554897200396
"e1","14dpi","S2","Com14","S2.14","mr01",3,14096,0.00250479712,5627601.48813969,6.7503233358079
"e1","14dpi","S2","Com14","S2.14","mr01",4,6300,0.00250479712,2515173.76385358,6.4005679941935
"e1","14dpi","S2","Com14","S2.14","spfa2",1,3927,0.00250479712,1567791.6461354,6.19528834601034
"e1","14dpi","S2","Com14","S2.14","spfa2",2,8113,0.00250479712,3238984.88034033,6.51040892071777
"e1","14dpi","S2","Com14","S2.14","spfa2",3,2811,0.00250479712,1122246.57939562,6.05008829034736
"e1","14dpi","S2","Com14","S2.14","spfa2",4,6163,0.00250479712,2460478.71533803,6.3910196124706
"e1","14dpi","S2","Com15","S2.15","meL92",1,9120,0.003882435536,2349040.9345975,6.37089058489805
"e1","14dpi","S2","Com15","S2.15","meL92",2,3210,0.001127158704,2847868.70616225,6.45451996336945
"e1","14dpi","S2","Com15","S2.15","meL92",3,4155,0.00250479712,1658816.98235105,6.21979847286005
"e1","14dpi","S2","Com15","S2.15","meL92",4,6813,0.00250479712,2719980.7703388,6.43456583367932
"e1","14dpi","S2","Com15","S2.15","spfa2",1,1941,0.003882435536,499943.909435719,5.69892128195799
"e1","14dpi","S2","Com15","S2.15","spfa2",2,2389,0.001127158704,2119488.57913446,6.32623108071446
"e1","14dpi","S2","Com15","S2.15","spfa2",3,2880,0.00250479712,1149793.72061878,6.06061993249915
"e1","14dpi","S2","Com15","S2.15","spfa2",4,4740,0.00250479712,1892368.83185174,6.27700578641401
"e1","14dpi","S3","Com01","S3.01","meL85",1,1422,0.002379557264,597590.157426865,5.77640343584482
"e1","14dpi","S3","Com01","S3.01","meL85",2,1305,0.00250479712,521000.279655384,5.71683795641422
"e1","14dpi","S3","Com01","S3.01","meL85",3,2127,0.00250479712,849170.57074866,5.92899493464265
"e1","14dpi","S3","Com01","S3.01","meL85",4,12252,0.002630036976,4658489.63790386,6.66824513380452
"e1","14dpi","S3","Com01","S3.01","smfr1",1,1841,0.00250479712,734989.666548323,5.86628123324394
"e1","14dpi","S3","Com01","S3.01","smfr1",2,7667,0.00250479712,3060926.54721673,6.48585290799616
"e1","14dpi","S3","Com01","S3.01","smfr1",3,5808,0.00250479712,2318750.66991454,6.36525405243196
"e1","14dpi","S3","Com01","S3.01","smfr1",4,8977,0.002630036976,3413259.99669139,6.53316937085343
"e1","14dpi","S3","Com01","S3.01","spfa2",1,3007,0.00250479712,1200496.42982662,6.07936087284044
"e1","14dpi","S3","Com01","S3.01","spfa2",2,1875,0.00250479712,748563.620194517,5.87422871680366
"e1","14dpi","S3","Com01","S3.01","spfa2",3,2297,0.00250479712,917040.33897963,5.96238843993495
"e1","14dpi","S3","Com01","S3.01","spfa2",4,3451,0.002630036976,1312148.85246541,6.11798310496147
"e1","14dpi","S3","Com02","S3.02","meL92",1,12727,0.00250479712,5081050.236915,6.7059534888499
"e1","14dpi","S3","Com02","S3.02","meL92",2,1905,0.00250479712,760540.638117629,5.88112242475156
"e1","14dpi","S3","Com02","S3.02","meL92",3,3485,0.00250479712,1391330.24873488,6.14343022717395
"e1","14dpi","S3","Com02","S3.02","meL92",4,3733,0.00250479712,1490340.26356594,6.17328543466623
"e1","14dpi","S3","Com02","S3.02","smfr1",1,2238,0.00250479712,893485.537064175,5.95108752693225
"e1","14dpi","S3","Com02","S3.02","smfr1",2,11950,0.00250479712,4770845.47270639,6.67859535002408
"e1","14dpi","S3","Com02","S3.02","smfr1",3,8359,0.00250479712,3337196.42730985,6.52338176997098
"e1","14dpi","S3","Com02","S3.02","smfr1",4,6900,0.00250479712,2754714.12231582,6.44007653547718
"e1","14dpi","S3","Com02","S3.02","spfa2",1,2876,0.00250479712,1148196.7848957,6.06001632645077
"e1","14dpi","S3","Com02","S3.02","spfa2",2,6267,0.00250479712,2501999.04413815,6.39828713943989
"e1","14dpi","S3","Com02","S3.02","spfa2",3,2798,0.00250479712,1117056.5382956,6.04807515489573
"e1","14dpi","S3","Com02","S3.02","spfa2",4,3484,0.00250479712,1390931.01480411,6.14330559107555
"e1","14dpi","S3","Com03","S3.03","mr01",1,18308,0.00250479712,7309174.80454465,6.86386834849518
"e1","14dpi","S3","Com03","S3.03","mr01",2,6382,0.00250479712,2547910.94617675,6.40618424459741
"e1","14dpi","S3","Com03","S3.03","mr01",3,2806,0.00250479712,1120250.40974177,6.04931511143226
"e1","14dpi","S3","Com03","S3.03","mr01",4,2780,0.002630036976,1057019.35956356,6.02408294158806
"e1","14dpi","S3","Com03","S3.03","smfr1",1,6490,0.00250479712,2591028.21069996,6.41347214154029
"e1","14dpi","S3","Com03","S3.03","smfr1",2,7655,0.00250479712,3056135.74004748,6.4851726397742
"e1","14dpi","S3","Com03","S3.03","smfr1",3,6398,0.00250479712,2554298.68906908,6.40727168048801
"e1","14dpi","S3","Com03","S3.03","smfr1",4,3661,0.002630036976,1391995.63861949,6.14363787455152
"e1","14dpi","S3","Com03","S3.03","spfa2",1,4565,0.00250479712,1822502.89396692,6.26066822661024
"e1","14dpi","S3","Com03","S3.03","spfa2",2,3269,0.00250479712,1305095.71968847,6.11564236532029
"e1","14dpi","S3","Com03","S3.03","spfa2",3,1320,0.00250479712,526988.78861694,5.72180137594577
"e1","14dpi","S3","Com03","S3.03","spfa2",4,778,0.00250479712,310603.998139378,5.49220704172961
"e1","14dpi","S3","Com04","S3.04","meL85",1,4513,0.00250479712,1801742.72956686,6.25569277826007
"e1","14dpi","S3","Com04","S3.04","meL85",2,863,0.00250479712,344538.882254863,5.53723824045513
"e1","14dpi","S3","Com04","S3.04","meL85",3,85,0.001628118128,52207.5140238227,4.71773301381136
"e1","14dpi","S3","Com04","S3.04","meL85",4,316,0.002379557264,132797.812761526,5.12319092206948
"e1","14dpi","S3","Com04","S3.04","meL92",1,1622,0.00250479712,647557.435709603,5.81127829461506
"e1","14dpi","S3","Com04","S3.04","meL92",2,3700,0.00250479712,1477165.54385051,6.16942916880692
"e1","14dpi","S3","Com04","S3.04","meL92",3,660,0.00250479712,263494.39430847,5.42077138028179
"e1","14dpi","S3","Com04","S3.04","meL92",4,5480,0.00250479712,2187801.94062184,6.34000800322429
"e1","14dpi","S3","Com04","S3.04","smfr1",1,7321,0.00250479712,2922791.60717016,6.46579785159335
"e1","14dpi","S3","Com04","S3.04","smfr1",2,5703,0.00250479712,2276831.10718364,6.35733081632503
"e1","14dpi","S3","Com04","S3.04","smfr1",3,3535,0.00250479712,1411291.9452734,6.14961686287284
"e1","14dpi","S3","Com04","S3.04","smfr1",4,11423,0.00250479712,4560449.19119038,6.6590076215345
"e1","14dpi","S3","Com05","S3.05","meL85",1,20,0.001001918848,19961.6965385205,4.30019744907594
"e1","14dpi","S3","Com05","S3.05","meL85",2,67,0.001628118128,41151.8051717191,4.61438889079789
"e1","14dpi","S3","Com05","S3.05","meL85",3,448,0.002379557264,188270.316826467,5.27478185344922
"e1","14dpi","S3","Com05","S3.05","meL85",4,16,0.00062619928,25550.9715693062,4.40740741872381
"e1","14dpi","S3","Com05","S3.05","mr01",1,9363,0.00250479712,3738027.29380334,6.57264246812492
"e1","14dpi","S3","Com05","S3.05","mr01",2,11676,0.00250479712,4661455.3756753,6.6685215310559
"e1","14dpi","S3","Com05","S3.05","mr01",3,11289,0.00250479712,4506951.84446715,6.65388291777945
"e1","14dpi","S3","Com05","S3.05","mr01",4,8274,0.00250479712,3303261.54319436,6.51894296129942
"e1","14dpi","S3","Com05","S3.05","smfr1",1,6555,0.00250479712,2616978.41620003,6.41780014076603
"e1","14dpi","S3","Com05","S3.05","smfr1",2,13993,0.00250479712,5586480.39327033,6.7471382788723
"e1","14dpi","S3","Com05","S3.05","smfr1",3,8965,0.00250479712,3579132.18935672,6.55377773863812
"e1","14dpi","S3","Com05","S3.05","smfr1",4,47793,0.00250479712,19080587.2533102,7.28059173708439
"e1","14dpi","S3","Com06","S3.06","meL92",1,1122,0.00250479712,447940.470324399,5.65122030166007
"e1","14dpi","S3","Com06","S3.06","meL92",2,1105,0.00250479712,441153.493501302,5.64458972276105
"e1","14dpi","S3","Com06","S3.06","meL92",3,3277,0.00250479712,1308289.59113463,6.1167038861223
"e1","14dpi","S3","Com06","S3.06","meL92",4,472,0.002379557264,198356.226656456,5.29744583808516
"e1","14dpi","S3","Com06","S3.06","mr01",1,3130,0.00250479712,1249602.20331138,6.09677178228637
"e1","14dpi","S3","Com06","S3.06","mr01",2,6916,0.00250479712,2761101.86520815,6.44108242934181
"e1","14dpi","S3","Com06","S3.06","mr01",3,4702,0.00250479712,1877197.94248246,6.27351006952884
"e1","14dpi","S3","Com06","S3.06","mr01",4,1263,0.00250479712,504232.454563027,5.70263079529525
"e1","14dpi","S3","Com06","S3.06","smfr1",1,7169,0.00250479712,2862108.04969306,6.45668602512596
"e1","14dpi","S3","Com06","S3.06","smfr1",2,37766,0.00250479712,15077468.6294753,7.17832843354094
"e1","14dpi","S3","Com06","S3.06","smfr1",3,9281,0.00250479712,3705290.11148017,6.56882221741181
"e1","14dpi","S3","Com06","S3.06","smfr1",4,7294,0.00250479712,2912012.29103936,6.46419320371769
"e1","14dpi","S3","Com07","S3.07","meL85",1,3737,0.00250479712,1491937.19928902,6.17375054258956
"e1","14dpi","S3","Com07","S3.07","meL85",2,1000,0.002379557264,420246.24291622,5.62350383945107
"e1","14dpi","S3","Com07","S3.07","meL85",3,4640,0.00250479712,1852445.4387747,6.2677454252948
"e1","14dpi","S3","Com07","S3.07","meL85",4,11285,0.00250479712,4505354.90874407,6.6537290081537
"e1","14dpi","S3","Com07","S3.07","meL92",1,4096,0.00250479712,1635262.1804356,6.2135873927077
"e1","14dpi","S3","Com07","S3.07","meL92",2,631,0.002129077552,296372.482724857,5.47183787826976
"e1","14dpi","S3","Com07","S3.07","meL92",3,11630,0.00250479712,4643090.61485986,6.66680715946837
"e1","14dpi","S3","Com07","S3.07","meL92",4,6253,0.00250479712,2496409.76910737,6.39731587342059
"e1","14dpi","S3","Com07","S3.07","spfa2",1,2683,0.002254317408,1190160.70695223,6.07560560797254
"e1","14dpi","S3","Com07","S3.07","spfa2",2,1466,0.00250479712,585276.94250942,5.76736141504503
"e1","14dpi","S3","Com07","S3.07","spfa2",3,2931,0.00250479712,1170154.65108807,6.06824326317836
"e1","14dpi","S3","Com07","S3.07","spfa2",4,2885,0.00250479712,1151789.89027263,6.06137326223167
"e1","14dpi","S3","Com08","S3.08","meL85",1,1835,0.00250479712,732594.262963701,5.86486351332803
"e1","14dpi","S3","Com08","S3.08","meL85",2,1778,0.00250479712,709837.928909787,5.85115920137412
"e1","14dpi","S3","Com08","S3.08","meL85",3,927,0.00250479712,370089.853824169,5.56830717888442
"e1","14dpi","S3","Com08","S3.08","meL85",4,1651,0.002254317408,732372.466335495,5.86473200856339
"e1","14dpi","S3","Com08","S3.08","mr01",1,3150,0.00250479712,1257586.88192679,6.09953799852952
"e1","14dpi","S3","Com08","S3.08","mr01",2,8858,0.00250479712,3536414.15876428,6.54856312068866
"e1","14dpi","S3","Com08","S3.08","mr01",3,2218,0.00250479712,885500.858448767,5.94718898655306
"e1","14dpi","S3","Com08","S3.08","mr01",4,13435,0.00250479712,5363707.85990045,6.72946511550911
"e1","14dpi","S3","Com08","S3.08","spfa2",1,4774,0.00250479712,1905942.78549793,6.28010985941066
"e1","14dpi","S3","Com08","S3.08","spfa2",2,3249,0.00250479712,1297111.04107306,6.1129771560849
"e1","14dpi","S3","Com08","S3.08","spfa2",3,1071,0.00250479712,427579.539855108,5.63101691557178
"e1","14dpi","S3","Com08","S3.08","spfa2",4,2577,0.00250479712,1028825.83959534,6.01234186329083
"e1","14dpi","S3","Com09","S3.09","meL92",1,1144,0.002129077552,537321.902119233,5.73023454348264
"e1","14dpi","S3","Com09","S3.09","meL92",2,928,0.002630036976,352846.7502428,5.54758612188885
"e1","14dpi","S3","Com09","S3.09","meL92",3,546,0.002379557264,229454.448632256,5.36069648215581
"e1","14dpi","S3","Com09","S3.09","meL92",4,3667,0.00250479712,1463990.82413509,6.16553835470052
"e1","14dpi","S3","Com09","S3.09","mr01",1,2147,0.00250479712,857155.249364068,5.93305948917617
"e1","14dpi","S3","Com09","S3.09","mr01",2,2914,0.002630036976,1107969.21358569,6.04452769310396
"e1","14dpi","S3","Com09","S3.09","mr01",3,19068,0.00250479712,7612592.59193016,6.88153258799493
"e1","14dpi","S3","Com09","S3.09","mr01",4,3094,0.00250479712,1235229.78180365,6.09174775410327
"e1","14dpi","S3","Com09","S3.09","spfa2",1,1265,0.002379557264,531611.497289018,5.72559436496291
"e1","14dpi","S3","Com09","S3.09","spfa2",2,1799,0.002630036976,684020.801386634,5.83506930901554
"e1","14dpi","S3","Com09","S3.09","spfa2",3,5351,0.00250479712,2136300.76355246,6.32966239571418
"e1","14dpi","S3","Com09","S3.09","spfa2",4,2624,0.00250479712,1047589.83434155,6.02019127544354
"e1","14dpi","S3","Com10","S3.10","meL85",1,763,0.00125239856,609230.978355644,5.78478197835878
"e1","14dpi","S3","Com10","S3.10","meL85",2,453,0.00125239856,361705.941277991,5.55835564241674
"e1","14dpi","S3","Com10","S3.10","meL85",3,912,0.00125239856,728202.689725226,5.86225227873232
"e1","14dpi","S3","Com10","S3.10","meL85",4,1627,0.00250479712,649553.605363456,5.81261499767678
"e1","14dpi","S3","Com10","S3.10","meL92",1,1458,0.00125239856,1164166.14212651,6.06601496438586
"e1","14dpi","S3","Com10","S3.10","meL92",2,1411,0.00125239856,1126638.15263409,6.05178445415825
"e1","14dpi","S3","Com10","S3.10","meL92",3,37,0.001001918848,36929.1385962628,4.56736917747896
"e1","14dpi","S3","Com10","S3.10","meL92",4,541,0.00250479712,215985.556546791,5.33442470984649
"e1","14dpi","S3","Com10","S3.10","mr01",1,1878,0.00125239856,1499522.64397366,6.175953028334
"e1","14dpi","S3","Com10","S3.10","mr01",2,1199,0.00125239856,957362.965987441,5.98107662350275
"e1","14dpi","S3","Com10","S3.10","mr01",3,2564,0.00125239856,2047271.59699066,6.31117546125068
"e1","14dpi","S3","Com10","S3.10","mr01",4,4646,0.00250479712,1854840.84235932,6.26830665020414
"e2","07dpi","C","Com01","C.01","meL85",1,968,0.001502878272,644097.408309593,5.80895155166467
"e2","07dpi","C","Com10","C.10","smfr1",1,14661,0.009893948624,1481814.85038607,6.1707939428613
"e2","07dpi","C","Com10","C.10","smfr1",2,23490,0.01001918848,2344501.25844923,6.37005047018957
"e2","07dpi","C","Com10","C.10","smfr1",3,14092,0.008892029776,1584790.01476524,6.19997172619403
"e2","07dpi","C","Com10","C.10","smfr1",4,2874,0.009017269632,318721.75473171,5.50341170777084
"e2","07dpi","C","Com13","C.13","spfa2",1,37880,0.00500959424,7561490.64879155,6.87860741940718
"e2","07dpi","C","Com13","C.13","spfa2",2,27783,0.00500959424,5545958.14929714,6.74397658799736
"e2","07dpi","C","Com13","C.13","spfa2",3,6203,0.003506715968,1768891.48040632,6.24770119022665
"e2","07dpi","C","Com13","C.13","spfa2",4,7316,0.00250479712,2920795.43751631,6.4655011415443
"e2","07dpi","S2","Com02","S2.02","meL85",1,3646,0.00250479712,1455606.91158891,6.16304410905888
"e2","07dpi","S2","Com02","S2.02","meL85",3,2488,0.00250479712,993294.019756778,5.9970778207587
"e2","07dpi","S2","Com02","S2.02","meL85",4,2313,0.002630036976,879455.31606853,5.9442137784406
"e2","07dpi","S2","Com02","S2.02","mr01",1,5724,0.00250479712,2285215.01972982,6.35892706982766
"e2","07dpi","S2","Com02","S2.02","mr01",3,7005,0.00250479712,2796633.68504672,6.44663558436172
"e2","07dpi","S2","Com02","S2.02","mr01",4,9507,0.002630036976,3614778.07603265,6.55808163957995
"e2","07dpi","S2","Com03","S2.03","meL85",1,2568,0.002254317408,1139147.4824649,6.05657995469741
"e2","07dpi","S2","Com03","S2.03","meL85",2,3151,0.002630036976,1198082.01510244,6.07848654884398
"e2","07dpi","S2","Com03","S2.03","meL85",3,1493,0.00250479712,596056.258640221,5.77528725246495
"e2","07dpi","S2","Com03","S2.03","meL85",4,37,0.001628118128,22725.6237515464,4.35651581216406
"e2","07dpi","S2","Com03","S2.03","meL92",1,935,0.002254317408,414759.694744814,5.61779654617311
"e2","07dpi","S2","Com03","S2.03","meL92",2,2164,0.002630036976,822802.120178253,5.91529540210452
"e2","07dpi","S2","Com03","S2.03","meL92",3,1733,0.002379557264,728286.738973809,5.86230240216499
"e2","07dpi","S2","Com03","S2.03","meL92",4,3,0.000375719568,7984.67861540818,3.9022574404039
"e2","07dpi","S2","Com05","S2.05","meL92",1,1148,0.00250479712,458320.55252443,5.66116933280188
"e2","07dpi","S2","Com05","S2.05","meL92",2,5726,0.00250479712,2286013.48759136,6.3590787884255
"e2","07dpi","S2","Com05","S2.05","meL92",4,1514,0.001377638416,1098982.12942982,6.04099063040973
"e2","07dpi","S2","Com05","S2.05","meL92",5,4010,0.00250479712,1600928.06238934,6.2043718173601
"e2","07dpi","S2","Com05","S2.05","meL92",6,5926,0.00250479712,2365860.27374544,6.37398909188395
"e2","07dpi","S2","Com05","S2.05","meL92",7,5250,0.00250479712,2095978.13654465,6.32138674814588
"e2","07dpi","S2","Com05","S2.05","meL92",8,4083,0.002379557264,1715865.40982693,6.23448321937407
"e2","07dpi","S2","Com05","S2.05","mr01",1,4628,0.00250479712,1847654.63160545,6.26662079501963
"e2","07dpi","S2","Com05","S2.05","mr01",2,5991,0.00250479712,2391810.47924552,6.37872676433029
"e2","07dpi","S2","Com05","S2.05","mr01",4,2963,0.001377638416,2150782.06704131,6.33259640672573
"e2","07dpi","S2","Com05","S2.05","mr01",5,4038,0.00250479712,1612106.61245091,6.20739375934754
"e2","07dpi","S2","Com05","S2.05","mr01",6,15662,0.00250479712,6252801.82372615,6.79607466437137
"e2","07dpi","S2","Com05","S2.05","mr01",7,10506,0.00250479712,4194351.67667392,6.62266484120701
"e2","07dpi","S2","Com05","S2.05","mr01",8,9646,0.002379557264,4053695.25916986,6.60785109703694
"e2","07dpi","S2","Com06","S2.06","meL92",1,14204,0.00500959424,2835359.37633145,6.45260811270552
"e2","07dpi","S2","Com06","S2.06","meL92",2,29400,0.00500959424,5868738.78232501,6.7685447794881
"e2","07dpi","S2","Com06","S2.06","meL92",3,2178,0.004132915248,526988.78861694,5.72180137594577
"e2","07dpi","S2","Com06","S2.06","meL92",4,2350,0.004633874672,507134.99314079,5.70512357860864
"e2","07dpi","S2","Com06","S2.06","smfr1",1,9943,0.00500959424,1984791.48682509,6.29771488849067
"e2","07dpi","S2","Com06","S2.06","smfr1",2,7434,0.00500959424,1483952.52067361,6.17142000583565
"e2","07dpi","S2","Com06","S2.06","smfr1",3,3466,0.005385313808,643602.234441971,5.80861754320222
"e2","07dpi","S2","Com06","S2.06","smfr1",4,14547,0.00500959424,2903827.99545857,6.46297088791113
"e2","07dpi","S2","Com08","S2.08","meL85",1,14799,0.00250479712,5908262.94147128,6.77145981492173
"e2","07dpi","S2","Com08","S2.08","meL85",2,6789,0.002630036976,2581332.5295241,6.41184395434438
"e2","07dpi","S2","Com08","S2.08","meL85",3,8580,0.00250479712,3425427.12601011,6.53471473258863
"e2","07dpi","S2","Com08","S2.08","meL85",4,4807,0.00250479712,1919117.50521336,6.28310156686857
"e2","07dpi","S2","Com08","S2.08","smfr1",1,10844,0.00250479712,4329292.74527432,6.63641695364837
"e2","07dpi","S2","Com08","S2.08","smfr1",2,13363,0.002630036976,5080917.15893807,6.70594211407791
"e2","07dpi","S2","Com08","S2.08","smfr1",3,6010,0.00250479712,2399395.92393016,6.38010191674266
"e2","07dpi","S2","Com08","S2.08","smfr1",4,3369,0.00250479712,1345019.11276551,6.12872845572104
"e2","07dpi","S2","Com09","S2.09","mr01",1,18887,0.00250479712,7540331.25046072,6.87739042505906
"e2","07dpi","S2","Com09","S2.09","mr01",2,13973,0.00250479712,5578495.71465493,6.74651710379407
"e2","07dpi","S2","Com09","S2.09","mr01",3,13058,0.002630036976,4964949.20761905,6.69591480993843
"e2","07dpi","S2","Com09","S2.09","mr01",4,9929,0.00250479712,3963993.69861939,6.59813295543559
"e2","07dpi","S2","Com09","S2.09","smfr1",1,5609,0.00250479712,2239303.11769122,6.35011288474944
"e2","07dpi","S2","Com09","S2.09","smfr1",2,3597,0.00250479712,1436044.44898116,6.15716788255843
"e2","07dpi","S2","Com09","S2.09","smfr1",3,5976,0.002630036976,2272211.40027044,6.35644873447733
"e2","07dpi","S2","Com09","S2.09","smfr1",4,9564,0.00250479712,3818273.31388819,6.58186701218366
"e2","07dpi","S2","Com11","S2.11","smfr1",1,1969,0.00250479712,786091.609686935,5.89547316087804
"e2","07dpi","S2","Com11","S2.11","smfr1",2,6192,0.00250479712,2472056.49933037,6.39305839241476
"e2","07dpi","S2","Com11","S2.11","smfr1",3,1899,0.00250479712,758145.234533007,5.87975240947694
"e2","07dpi","S2","Com11","S2.11","smfr1",4,3240,0.00250479712,1293517.93569613,6.11177245494653
"e2","07dpi","S2","Com11","S2.11","spfa2",1,11934,0.00250479712,4764457.72981406,6.678013478248
"e2","07dpi","S2","Com11","S2.11","spfa2",2,4227,0.00250479712,1687561.82536652,6.22725969256894
"e2","07dpi","S2","Com11","S2.11","spfa2",3,4873,0.00250479712,1945466.9446442,6.28902385612122
"e2","07dpi","S2","Com11","S2.11","spfa2",4,8216,0.00250479712,3280105.97520968,6.51588787532914
"e2","07dpi","S2","Com12","S2.12","meL85",1,4444,0.00250479712,1774195.5883437,6.24900149500875
"e2","07dpi","S2","Com12","S2.12","meL85",2,7113,0.00250479712,2839750.94956992,6.45328025343777
"e2","07dpi","S2","Com12","S2.12","meL85",3,11983,0.00250479712,4784020.19242181,6.67979300405704
"e2","07dpi","S2","Com12","S2.12","meL85",4,13492,0.00250479712,5386464.19395436,6.73130377725709
"e2","07dpi","S2","Com12","S2.12","spfa2",1,3506,0.00250479712,1399714.16128105,6.1460393564977
"e2","07dpi","S2","Com12","S2.12","spfa2",2,3163,0.00250479712,1262776.9230268,6.10132663665564
"e2","07dpi","S2","Com12","S2.12","spfa2",3,10422,0.00250479712,4160816.0264892,6.61917851357066
"e2","07dpi","S2","Com12","S2.12","spfa2",4,4356,0.00250479712,1739063.0024359,6.24031531582366
"e2","07dpi","S2","Com14","S2.14","mr01",1,11445,0.00500959424,2284616.16883367,6.3588132460865
"e2","07dpi","S2","Com14","S2.14","mr01",2,12899,0.00500959424,2574859.23650375,6.41075349183132
"e2","07dpi","S2","Com14","S2.14","mr01",3,5368,0.005260073952,1020517.97160741,6.00882065716694
"e2","07dpi","S2","Com14","S2.14","mr01",4,2686,0.004508634816,595745.743360733,5.77506094796931
"e2","07dpi","S2","Com14","S2.14","spfa2",1,4766,0.00500959424,951374.457025885,5.97835148708638
"e2","07dpi","S2","Com14","S2.14","spfa2",2,10951,0.004759114528,2301058.30308776,6.36192762274883
"e2","07dpi","S2","Com14","S2.14","spfa2",3,1863,0.005134834096,362816.006353791,5.55968643858041
"e2","07dpi","S2","Com14","S2.14","spfa2",4,1004,0.00438339496,229046.209424852,5.35992310886263
"e2","07dpi","S2","Com15","S2.15","meL92",1,15840,0.00500959424,3161932.73170164,6.49995262632942
"e2","07dpi","S2","Com15","S2.15","meL92",2,9125,0.005134834096,1777077.8625756,6.24970645681268
"e2","07dpi","S2","Com15","S2.15","meL92",3,5450,0.00500959424,1087912.46134936,6.03659395135258
"e2","07dpi","S2","Com15","S2.15","meL92",4,7074,0.00500959424,1412090.41313494,6.14986250455467
"e2","07dpi","S2","Com15","S2.15","spfa2",1,4029,0.004759114528,846586.056354725,5.92767111117547
"e2","07dpi","S2","Com15","S2.15","spfa2",2,1985,0.00500959424,396239.676289631,5.59795796017507
"e2","07dpi","S2","Com15","S2.15","spfa2",3,435,0.003381476112,128642.044359354,5.10938293319955
"e2","07dpi","S2","Com15","S2.15","spfa2",4,269,0.00375719568,71595.9515848267,4.85488846568665
"e2","07dpi","S3","Com01","S3.01","meL85",1,1623,0.00125239856,1295913.33928075,6.11257596023014
"e2","07dpi","S3","Com01","S3.01","meL85",3,675,0.000751439136,898276.344233421,5.95340996285128
"e2","07dpi","S3","Com01","S3.01","meL85",4,6,0.00062619928,9581.61433848982,3.98143868645153
"e2","07dpi","S3","Com01","S3.01","smfr1",1,4098,0.00125239856,3272121.29659427,6.51482939446908
"e2","07dpi","S3","Com01","S3.01","smfr1",3,1442,0.00125239856,1151390.65634186,6.06122270078731
"e2","07dpi","S3","Com01","S3.01","smfr1",4,1801,0.00125239856,1438040.61863501,6.15777115322344
"e2","07dpi","S3","Com01","S3.01","spfa2",1,5277,0.00125239856,4213514.9053509,6.62464453458103
"e2","07dpi","S3","Com01","S3.01","spfa2",3,3493,0.00125239856,2789048.24036208,6.44545602604155
"e2","07dpi","S3","Com01","S3.01","spfa2",4,1077,0.001127158704,955499.874310512,5.98023063426256
"e2","07dpi","S3","Com02","S3.02","meL92",1,3305,0.00250479712,1319468.1411962,6.12039890856158
"e2","07dpi","S3","Com02","S3.02","meL92",2,758,0.002254317408,336243.688359967,5.52665414093265
"e2","07dpi","S3","Com02","S3.02","meL92",3,1926,0.00250479712,768924.550663808,5.88588372752844
"e2","07dpi","S3","Com02","S3.02","meL92",4,435,0.00250479712,173666.759885128,5.23971670169456
"e2","07dpi","S3","Com02","S3.02","smfr1",1,10555,0.00250479712,4213914.13928167,6.6246856823836
"e2","07dpi","S3","Com02","S3.02","smfr1",2,8681,0.00250479712,3465749.75301792,6.53979720096098
"e2","07dpi","S3","Com02","S3.02","smfr1",3,5507,0.00250479712,2198581.25675264,6.3421425212212
"e2","07dpi","S3","Com02","S3.02","smfr1",4,840,0.002254317408,372618.335385715,5.57126422136248
"e2","07dpi","S3","Com02","S3.02","spfa2",1,3838,0.00250479712,1532259.82629683,6.18533241513938
"e2","07dpi","S3","Com02","S3.02","spfa2",2,1776,0.00250479712,709039.461048246,5.8506704061825
"e2","07dpi","S3","Com02","S3.02","spfa2",3,2483,0.00250479712,991297.850102926,5.99620416429449
"e2","07dpi","S3","Com02","S3.02","spfa2",4,1593,0.002379557264,669452.264965539,5.82571961525221
"e2","07dpi","S3","Com03","S3.03","mr01",1,14561,0.002129077552,6839112.0775858,6.8349997208961
"e2","07dpi","S3","Com03","S3.03","mr01",2,17719,0.00250479712,7074026.01932088,6.84966665288143
"e2","07dpi","S3","Com03","S3.03","mr01",3,3173,0.002379557264,1333441.32877317,6.12497391155149
"e2","07dpi","S3","Com03","S3.03","mr01",4,2344,0.000500959424,4679021.66862919,6.67015505642199
"e2","07dpi","S3","Com03","S3.03","smfr1",1,3081,0.002129077552,1447105.57729839,6.16050021734257
"e2","07dpi","S3","Com03","S3.03","smfr1",2,11626,0.00250479712,4641493.67913678,6.66665776336029
"e2","07dpi","S3","Com03","S3.03","smfr1",3,3869,0.00250479712,1544636.07815071,6.18882617446117
"e2","07dpi","S3","Com03","S3.03","smfr1",4,3456,0.00250479712,1379752.46474253,6.13980117854678
"e2","07dpi","S3","Com03","S3.03","spfa2",1,1894,0.002129077552,889587.135151947,5.94918849369288
"e2","07dpi","S3","Com03","S3.03","spfa2",2,6583,0.00250479712,2628156.9662616,6.419651299832
"e2","07dpi","S3","Com03","S3.03","spfa2",3,2711,0.00250479712,1082323.18631858,6.03435696232041
"e2","07dpi","S3","Com03","S3.03","spfa2",4,874,0.001753357984,498472.079276196,5.69764083736007
"e2","07dpi","S3","Com04","S3.04","meL85",1,703,0.00187859784,374215.271108797,5.57312150636805
"e2","07dpi","S3","Com04","S3.04","meL85",2,9,0.000375719568,23954.0358462245,4.37937869512357
"e2","07dpi","S3","Com04","S3.04","meL85",3,2590,0.001753357984,1477165.54385051,6.16942916880692
"e2","07dpi","S3","Com04","S3.04","meL85",4,4,0.000500959424,7984.67861540818,3.9022574404039
"e2","07dpi","S3","Com04","S3.04","meL92",1,8366,0.002003837696,4174988.83103155,6.62065531799259
"e2","07dpi","S3","Com04","S3.04","meL92",2,2300,0.00187859784,1224317.38769592,6.08789401736581
"e2","07dpi","S3","Com04","S3.04","meL92",3,434,0.001377638416,315031.865371559,5.49835448475819
"e2","07dpi","S3","Com04","S3.04","meL92",4,4100,0.001753357984,2338370.16594097,6.3689132614454
"e2","07dpi","S3","Com04","S3.04","smfr1",1,4605,0.002003837696,2298090.31399717,6.36136709228085
"e2","07dpi","S3","Com04","S3.04","smfr1",2,3322,0.00187859784,1768340.15735907,6.2475658094636
"e2","07dpi","S3","Com04","S3.04","smfr1",3,2571,0.00187859784,1368573.91468096,6.13626825799108
"e2","07dpi","S3","Com04","S3.04","smfr1",4,8134,0.00187859784,4329825.05718201,6.63647034941679
"e2","07dpi","S3","Com05","S3.05","meL85",1,13,0.000751439136,17300.1370000511,4.2380495423271
"e2","07dpi","S3","Com05","S3.05","meL85",2,1763,0.00187859784,938465.893264308,5.97241849364754
"e2","07dpi","S3","Com05","S3.05","meL85",3,675,0.00187859784,359310.537693368,5.55546995417925
"e2","07dpi","S3","Com05","S3.05","meL85",4,1,0.000125239856,7984.67861540818,3.9022574404039
"e2","07dpi","S3","Com05","S3.05","mr01",1,7993,0.00187859784,4254769.07819717,6.6288759943181
"e2","07dpi","S3","Com05","S3.05","mr01",2,4932,0.00187859784,2625362.32874621,6.41918924927192
"e2","07dpi","S3","Com05","S3.05","mr01",3,7618,0.00187859784,4055152.11281197,6.60800714967315
"e2","07dpi","S3","Com05","S3.05","mr01",4,423,0.001753357984,241251.36102269,5.38246977210071
"e2","07dpi","S3","Com05","S3.05","smfr1",1,6326,0.00187859784,3367405.12807148,6.52729536892793
"e2","07dpi","S3","Com05","S3.05","smfr1",2,10650,0.00187859784,5669121.81693981,6.75351578912298
"e2","07dpi","S3","Com05","S3.05","smfr1",3,7660,0.00187859784,4077509.21293511,6.61039495098083
"e2","07dpi","S3","Com05","S3.05","smfr1",4,7007,0.00187859784,3729909.53721101,6.5716982988418
"e2","07dpi","S3","Com06","S3.06","meL92",1,2143,0.00187859784,1140744.41818798,6.05718835239005
"e2","07dpi","S3","Com06","S3.06","meL92",2,1719,0.00187859784,915044.169325778,5.96144205803527
"e2","07dpi","S3","Com06","S3.06","meL92",3,4677,0.00187859784,2489622.79228427,6.39613355125673
"e2","07dpi","S3","Com06","S3.06","meL92",4,1623,0.00187859784,863942.226187165,5.93648470117445
"e2","07dpi","S3","Com06","S3.06","mr01",1,485,0.001628118128,297889.932959459,5.47405582669933
"e2","07dpi","S3","Com06","S3.06","mr01",2,4253,0.00187859784,2263922.54342207,6.35486156406225
"e2","07dpi","S3","Com06","S3.06","mr01",3,7328,0.00187859784,3900781.65958074,6.59115164200802
"e2","07dpi","S3","Com06","S3.06","mr01",4,2671,0.00187859784,1421805.10545035,6.15284006936959
"e2","07dpi","S3","Com06","S3.06","smfr1",1,1339,0.001753357984,763677.476145111,5.88290998173767
"e2","07dpi","S3","Com06","S3.06","smfr1",2,4391,0.00187859784,2337381.58668382,6.36872961845261
"e2","07dpi","S3","Com06","S3.06","smfr1",3,6786,0.00187859784,3612268.60561066,6.55778003665732
"e2","07dpi","S3","Com06","S3.06","smfr1",4,9244,0.00187859784,4920691.27472221,6.69202611815529
"e2","07dpi","S3","Com07","S3.07","meL85",1,7,0.000500959424,13973.1875769643,4.1452954890902
"e2","07dpi","S3","Com07","S3.07","meL85",2,184,0.00187859784,97945.3910156737,4.99098400435776
"e2","07dpi","S3","Com07","S3.07","meL85",3,79,0.001628118128,48522.2777397882,4.68594117938751
"e2","07dpi","S3","Com07","S3.07","meL85",4,423,0.001001918848,422189.881789708,5.625507820787
"e2","07dpi","S3","Com07","S3.07","meL92",1,979,0.00187859784,521133.357632307,5.71694887315136
"e2","07dpi","S3","Com07","S3.07","meL92",2,440,0.00187859784,234217.239385307,5.36961885783441
"e2","07dpi","S3","Com07","S3.07","meL92",3,9311,0.002003837696,4646583.9117541,6.66713378439629
"e2","07dpi","S3","Com07","S3.07","meL92",4,3163,0.00187859784,1683702.56403574,6.22626537326394
"e2","07dpi","S3","Com07","S3.07","spfa2",1,4922,0.00187859784,2620039.20966927,6.41830779071501
"e2","07dpi","S3","Com07","S3.07","spfa2",2,5750,0.00187859784,3060793.4692398,6.48583402603785
"e2","07dpi","S3","Com07","S3.07","spfa2",3,2144,0.002003837696,1069946.9344647,6.02936223876871
"e2","07dpi","S3","Com07","S3.07","spfa2",4,8246,0.00187859784,4389443.99084372,6.64240951181356
"e2","07dpi","S3","Com08","S3.08","meL85",1,1571,0.001628118128,964917.700369712,5.98449027313704
"e2","07dpi","S3","Com08","S3.08","meL85",3,69,0.000250479712,275471.412231582,5.44007653547718
"e2","07dpi","S3","Com08","S3.08","meL85",4,1105,0.000500959424,2205767.46750651,6.34355972709707
"e2","07dpi","S3","Com08","S3.08","mr01",1,278,0.001377638416,201794.605007589,5.30490955116375
"e2","07dpi","S3","Com08","S3.08","mr01",3,20,0.000250479712,79846.7861540818,4.9022574404039
"e2","07dpi","S3","Com08","S3.08","mr01",4,331,0.000751439136,440488.103616685,5.64393418379598
"e2","07dpi","S3","Com08","S3.08","spfa2",1,3351,0.001628118128,2058204.46463329,6.31348851593234
"e2","07dpi","S3","Com08","S3.08","spfa2",3,193,0.000250479712,770521.486386889,5.8867847537477
"e2","07dpi","S3","Com08","S3.08","spfa2",4,795,0.000751439136,1057969.91654158,6.02447331867673
"e2","07dpi","S3","Com09","S3.09","meL92",1,93,0.00187859784,49505.0074155307,4.69464912990216
"e2","07dpi","S3","Com09","S3.09","meL92",2,1334,0.00187859784,710104.084863634,5.85132201092875
"e2","07dpi","S3","Com09","S3.09","meL92",3,52,0.001502878272,34600.2740001021,4.53907953799108
"e2","07dpi","S3","Com09","S3.09","meL92",4,73,0.001628118128,44837.0414557536,4.65163694821752
"e2","07dpi","S3","Com09","S3.09","mr01",1,515,0.001753357984,293722.106209658,5.46793663376686
"e2","07dpi","S3","Com09","S3.09","mr01",2,6551,0.00187859784,3487175.3073026,6.54247378078016
"e2","07dpi","S3","Com09","S3.09","mr01",3,2726,0.002003837696,1360389.61910017,6.13366330924663
"e2","07dpi","S3","Com09","S3.09","mr01",4,537,0.00187859784,285851.494431613,5.45614046704778
"e2","07dpi","S3","Com09","S3.09","spfa2",1,2733,0.00187859784,1454808.44372737,6.16280581304088
"e2","07dpi","S3","Com09","S3.09","spfa2",2,3694,0.00187859784,1966360.18702119,6.29366307245244
"e2","07dpi","S3","Com09","S3.09","spfa2",3,7549,0.002003837696,3767271.17923227,6.57602688311946
"e2","07dpi","S3","Com09","S3.09","spfa2",4,2606,0.00187859784,1387204.83145025,6.14214059272479
"e2","07dpi","S3","Com10","S3.10","meL85",1,3,0.000250479712,11977.0179231123,4.07834869945958
"e2","07dpi","S3","Com10","S3.10","meL85",2,3,0.000125239856,23954.0358462245,4.37937869512357
"e2","07dpi","S3","Com10","S3.10","meL85",4,101,0.00062619928,161290.508031245,5.20760880985053
"e2","07dpi","S3","Com10","S3.10","meL92",1,1192,0.000876678992,1359676.70136665,6.13343565579386
"e2","07dpi","S3","Com10","S3.10","meL92",2,205,0.000125239856,1636859.11615868,6.21401130145966
"e2","07dpi","S3","Com10","S3.10","meL92",4,454,0.00062619928,725008.818279063,5.86034328892499
"e2","07dpi","S3","Com10","S3.10","mr01",1,2028,0.000876678992,2313275.46172111,6.36422735105095
"e2","07dpi","S3","Com10","S3.10","mr01",2,293,0.000125239856,2339510.8343146,6.36912506075801
"e2","07dpi","S3","Com10","S3.10","mr01",4,482,0.00062619928,769723.018525349,5.88633447430673
"e2","14dpi","C","Com01","C.01","meL85",1,1363,0.002880516688,473178.997947885,5.67502546022098
"e2","14dpi","C","Com01","C.01","meL85",2,11167,0.00500959424,2229122.65245658,6.34813396521402
"e2","14dpi","C","Com01","C.01","meL85",3,6577,0.00500959424,1312880.78133849,6.1182252909352
"e2","14dpi","C","Com01","C.01","meL85",4,11978,0.00250479712,4782024.02276796,6.67961175348811
"e2","14dpi","C","Com04","C.04","meL92",1,1980,0.004132915248,479080.716924491,5.68040869078755
"e2","14dpi","C","Com04","C.04","meL92",2,6881,0.004884354384,1408783.93724676,6.1488443912238
"e2","14dpi","C","Com04","C.04","meL92",3,2792,0.003506715968,796186.524793559,5.90101482301281
"e2","14dpi","C","Com04","C.04","meL92",4,2834,0.00500959424,565714.47990167,5.75259729498738
"e2","14dpi","C","Com10","C.10","smfr1",1,9788,0.00500959424,1953850.85719038,6.29089140975569
"e2","14dpi","C","Com10","C.10","smfr1",2,4873,0.004884354384,997675.356227797,5.9989892447587
"e2","14dpi","C","Com10","C.10","smfr1",3,11015,0.00500959424,2198780.87371803,6.34218195056273
"e2","14dpi","C","Com10","C.10","smfr1",4,12725,0.005260073952,2419167.50907307,6.3836659410148
"e2","14dpi","C","Com13","C.13","spfa2",1,37880,0.00500959424,7561490.64879155,6.87860741940718
"e2","14dpi","C","Com13","C.13","spfa2",2,27783,0.00500959424,5545958.14929714,6.74397658799736
"e2","14dpi","C","Com13","C.13","spfa2",3,12789,0.00500959424,2552901.37031138,6.40703403644274
"e2","14dpi","C","Com13","C.13","spfa2",4,800,0.001753357984,456267.349451896,5.65921939171761
"e2","14dpi","S2","Com02","S2.02","meL85",1,3646,0.00250479712,1455606.91158891,6.16304410905888
"e2","14dpi","S2","Com02","S2.02","meL85",2,2488,0.00250479712,993294.019756778,5.9970778207587
"e2","14dpi","S2","Com02","S2.02","meL85",3,2291,0.00250479712,914644.935395007,5.96125253392932
"e2","14dpi","S2","Com02","S2.02","meL85",4,358,0.002379557264,150448.154964007,5.17738686609495
"e2","14dpi","S2","Com02","S2.02","mr01",1,5724,0.00250479712,2285215.01972982,6.35892706982766
"e2","14dpi","S2","Com02","S2.02","mr01",2,7005,0.00250479712,2796633.68504672,6.44663558436172
"e2","14dpi","S2","Com02","S2.02","mr01",3,8928,0.00250479712,3564360.53391821,6.55198162633343
"e2","14dpi","S2","Com02","S2.02","mr01",4,5268,0.00250479712,2103164.34729852,6.32287321102967
"e2","14dpi","S2","Com03","S2.03","meL85",1,2568,0.002254317408,1139147.4824649,6.05657995469741
"e2","14dpi","S2","Com03","S2.03","meL85",2,3140,0.00250479712,1253594.54261908,6.09815709281314
"e2","14dpi","S2","Com03","S2.03","meL85",4,1313,0.00250479712,524194.151101547,5.7194921708294
"e2","14dpi","S2","Com03","S2.03","meL92",1,935,0.002254317408,414759.694744814,5.61779654617311
"e2","14dpi","S2","Com03","S2.03","meL92",2,2022,0.00250479712,807251.008017767,5.9070085959949
"e2","14dpi","S2","Com03","S2.03","meL92",4,1875,0.00250479712,748563.620194517,5.87422871680366
"e2","14dpi","S2","Com05","S2.05","meL92",1,1148,0.00250479712,458320.55252443,5.66116933280188
"e2","14dpi","S2","Com05","S2.05","meL92",2,5726,0.00250479712,2286013.48759136,6.3590787884255
"e2","14dpi","S2","Com05","S2.05","meL92",3,2249,0.00250479712,897877.11030265,5.95321690017555
"e2","14dpi","S2","Com05","S2.05","meL92",4,5566,0.00250479712,2222136.0586681,6.34677064673795
"e2","14dpi","S2","Com05","S2.05","meL92",5,6097,0.00250479712,2434129.27590718,6.38634363976184
"e2","14dpi","S2","Com05","S2.05","meL92",6,5695,0.00250479712,2273637.23573748,6.35672117315504
"e2","14dpi","S2","Com05","S2.05","meL92",7,1499,0.00250479712,598451.662224843,5.7770290775882
"e2","14dpi","S2","Com05","S2.05","meL92",8,1479,0.00250479712,590466.983609435,5.77119561873682
"e2","14dpi","S2","Com05","S2.05","mr01",1,4628,0.00250479712,1847654.63160545,6.26662079501963
"e2","14dpi","S2","Com05","S2.05","mr01",2,5991,0.00250479712,2391810.47924552,6.37872676433029
"e2","14dpi","S2","Com05","S2.05","mr01",3,4382,0.00250479712,1749443.08463593,6.24289981796461
"e2","14dpi","S2","Com05","S2.05","mr01",4,4003,0.00250479712,1598133.42487395,6.20361303484503
"e2","14dpi","S2","Com05","S2.05","mr01",5,20556,0.00250479712,8206652.68091653,6.91416605375306
"e2","14dpi","S2","Com05","S2.05","mr01",6,8840,0.00250479712,3529227.94801042,6.547679709753
"e2","14dpi","S2","Com05","S2.05","mr01",7,11042,0.00250479712,4408341.06356686,6.64427518754404
"e2","14dpi","S2","Com05","S2.05","mr01",8,15131,0.00250479712,6040808.60648706,6.78109507601033
"e2","14dpi","S2","Com06","S2.06","meL92",1,5359,0.00250479712,2139494.63499862,6.33031120178353
"e2","14dpi","S2","Com06","S2.06","meL92",2,8845,0.00250479712,3531224.11766427,6.54792528198566
"e2","14dpi","S2","Com06","S2.06","meL92",3,8300,0.00250479712,3313641.6253944,6.520305537116
"e2","14dpi","S2","Com06","S2.06","meL92",4,21100,0.00250479712,8423835.93925563,6.92550990003762
"e2","14dpi","S2","Com06","S2.06","smfr1",1,5163,0.00250479712,2061244.78456762,6.31412956978714
"e2","14dpi","S2","Com06","S2.06","smfr1",2,4780,0.00250479712,1908338.18908256,6.28065534135204
"e2","14dpi","S2","Com06","S2.06","smfr1",3,2527,0.00250479712,1008864.14305682,6.00383268665984
"e2","14dpi","S2","Com06","S2.06","smfr1",4,4907,0.00250479712,1959040.8982904,6.29204350272084
"e2","14dpi","S2","Com08","S2.08","meL85",1,14799,0.00250479712,5908262.94147128,6.77145981492173
"e2","14dpi","S2","Com08","S2.08","meL85",2,6679,0.00250479712,2666483.42361556,6.42593888820466
"e2","14dpi","S2","Com08","S2.08","meL85",3,8195,0.00250479712,3271722.0626635,6.51477640264644
"e2","14dpi","S2","Com08","S2.08","meL85",4,5048,0.00250479712,2015332.88252902,6.304346790976
"e2","14dpi","S2","Com08","S2.08","smfr1",1,10844,0.00250479712,4329292.74527432,6.63641695364837
"e2","14dpi","S2","Com08","S2.08","smfr1",2,13076,0.00250479712,5220382.87875387,6.71770235664825
"e2","14dpi","S2","Com08","S2.08","smfr1",3,5958,0.00250479712,2378635.7595301,6.37632794361895
"e2","14dpi","S2","Com08","S2.08","smfr1",4,3638,0.00250479712,1452413.04014275,6.16209013946739
"e2","14dpi","S2","Com09","S2.09","mr01",1,20275,0.002630036976,7709017.091781,6.88699900855318
"e2","14dpi","S2","Com09","S2.09","mr01",2,13433,0.00250479712,5362909.39203891,6.72940045948965
"e2","14dpi","S2","Com09","S2.09","mr01",3,12210,0.00250479712,4874646.29470669,6.6879431086848
"e2","14dpi","S2","Com09","S2.09","mr01",4,9929,0.00250479712,3963993.69861939,6.59813295543559
"e2","14dpi","S2","Com09","S2.09","smfr1",1,5636,0.002630036976,2142935.65125907,6.3310091301073
"e2","14dpi","S2","Com09","S2.09","smfr1",2,3807,0.00250479712,1519883.57444295,6.18181032155429
"e2","14dpi","S2","Com09","S2.09","smfr1",3,5739,0.00250479712,2291203.52869138,6.36006366948688
"e2","14dpi","S2","Com09","S2.09","smfr1",4,9564,0.00250479712,3818273.31388819,6.58186701218366
"e2","14dpi","S2","Com11","S2.11","smfr1",1,1969,0.00250479712,786091.609686935,5.89547316087804
"e2","14dpi","S2","Com11","S2.11","smfr1",2,6192,0.00250479712,2472056.49933037,6.39305839241476
"e2","14dpi","S2","Com11","S2.11","smfr1",3,1899,0.00250479712,758145.234533007,5.87975240947694
"e2","14dpi","S2","Com11","S2.11","smfr1",4,3240,0.00250479712,1293517.93569613,6.11177245494653
"e2","14dpi","S2","Com11","S2.11","spfa2",1,11934,0.00250479712,4764457.72981406,6.678013478248
"e2","14dpi","S2","Com11","S2.11","spfa2",2,4227,0.00250479712,1687561.82536652,6.22725969256894
"e2","14dpi","S2","Com11","S2.11","spfa2",3,4873,0.00250479712,1945466.9446442,6.28902385612122
"e2","14dpi","S2","Com11","S2.11","spfa2",4,8216,0.00250479712,3280105.97520968,6.51588787532914
"e2","14dpi","S2","Com12","S2.12","meL85",1,4444,0.00250479712,1774195.5883437,6.24900149500875
"e2","14dpi","S2","Com12","S2.12","meL85",2,7113,0.00250479712,2839750.94956992,6.45328025343777
"e2","14dpi","S2","Com12","S2.12","meL85",3,11983,0.00250479712,4784020.19242181,6.67979300405704
"e2","14dpi","S2","Com12","S2.12","meL85",4,13492,0.00250479712,5386464.19395436,6.73130377725709
"e2","14dpi","S2","Com12","S2.12","spfa2",1,3506,0.00250479712,1399714.16128105,6.1460393564977
"e2","14dpi","S2","Com12","S2.12","spfa2",2,3163,0.00250479712,1262776.9230268,6.10132663665564
"e2","14dpi","S2","Com12","S2.12","spfa2",3,10422,0.00250479712,4160816.0264892,6.61917851357066
"e2","14dpi","S2","Com12","S2.12","spfa2",4,4356,0.00250479712,1739063.0024359,6.24031531582366
"e2","14dpi","S2","Com14","S2.14","mr01",1,4469,0.00250479712,1784176.43661296,6.25143779940028
"e2","14dpi","S2","Com14","S2.14","mr01",2,6976,0.00250479712,2785055.90105437,6.44483391666443
"e2","14dpi","S2","Com14","S2.14","mr01",3,7017,0.00250479712,2801424.49221596,6.44737892126874
"e2","14dpi","S2","Com14","S2.14","mr01",4,5882,0.00250479712,2348293.98079155,6.37075246491097
"e2","14dpi","S2","Com14","S2.14","spfa2",1,2963,0.00250479712,1182930.13687272,6.07295909621997
"e2","14dpi","S2","Com14","S2.14","spfa2",2,1803,0.00250479712,719818.777179048,5.85722317146232
"e2","14dpi","S2","Com14","S2.14","spfa2",3,705,0.002254317408,312733.245770154,5.495174052292
"e2","14dpi","S2","Com14","S2.14","spfa2",4,10246,0.00250479712,4090550.85467361,6.61178179628024
"e2","14dpi","S2","Com15","S2.15","meL92",1,4215,0.00250479712,1682771.01819727,6.22602502370068
"e2","14dpi","S2","Com15","S2.15","meL92",2,11625,0.00250479712,4641094.44520601,6.66662040630191
"e2","14dpi","S2","Com15","S2.15","meL92",3,3096,0.00250479712,1236028.24966519,6.09202839675078
"e2","14dpi","S2","Com15","S2.15","meL92",4,5961,0.00250479712,2379833.46132241,6.3765465665694
"e2","14dpi","S2","Com15","S2.15","spfa2",1,137,0.002254317408,60772.2761283845,4.783705502457
"e2","14dpi","S2","Com15","S2.15","spfa2",2,3892,0.00250479712,1553818.45855843,6.19140027633624
"e2","14dpi","S2","Com15","S2.15","spfa2",3,830,0.00250479712,331364.16253944,5.520305537116
"e2","14dpi","S2","Com15","S2.15","spfa2",4,1155,0.00250479712,461115.190039822,5.66380942896809
"e2","14dpi","S3","Com01","S3.01","meL85",1,2297,0.00187859784,1222720.45197284,6.08732717654325
"e2","14dpi","S3","Com01","S3.01","meL85",2,7,0.000751439136,9315.45838464288,3.96920423003452
"e2","14dpi","S3","Com01","S3.01","meL85",3,120,0.00187859784,63877.4289232654,4.80534742739585
"e2","14dpi","S3","Com01","S3.01","meL85",4,77,0.001001918848,76852.5316733037,4.88565817858444
"e2","14dpi","S3","Com01","S3.01","smfr1",1,5049,0.00187859784,2687642.82194639,6.42937155204371
"e2","14dpi","S3","Com01","S3.01","smfr1",2,2292,0.00187859784,1220058.89243437,6.08638079464357
"e2","14dpi","S3","Com01","S3.01","smfr1",3,2291,0.00187859784,1219526.58052668,6.08619127053762
"e2","14dpi","S3","Com01","S3.01","smfr1",4,2434,0.001753357984,1388193.41070739,6.14244997861971
"e2","14dpi","S3","Com01","S3.01","spfa2",1,8073,0.00187859784,4297354.03081268,6.63320113383164
"e2","14dpi","S3","Com01","S3.01","spfa2",2,1774,0.001753357984,1011772.84740958,6.00508302022137
"e2","14dpi","S3","Com01","S3.01","spfa2",3,281,0.001753357984,160263.906494978,5.20483572463075
"e2","14dpi","S3","Com01","S3.01","spfa2",4,1003,0.00187859784,533908.84341696,5.72746711436864
"e2","14dpi","S3","Com02","S3.02","meL92",1,2606,0.00187859784,1387204.83145025,6.14214059272479
"e2","14dpi","S3","Com02","S3.02","meL92",2,778,0.001628118128,477852.304829813,5.67929368508676
"e2","14dpi","S3","Com02","S3.02","meL92",3,1473,0.00187859784,784095.440033083,5.89436892819085
"e2","14dpi","S3","Com02","S3.02","meL92",4,1132,0.00187859784,602577.079509471,5.78001260820048
"e2","14dpi","S3","Com02","S3.02","smfr1",1,7998,0.00187859784,4257430.63773564,6.62914758114572
"e2","14dpi","S3","Com02","S3.02","smfr1",2,5643,0.00187859784,3003836.09511656,6.47767623161826
"e2","14dpi","S3","Com02","S3.02","smfr1",3,7852,0.00187859784,4179713.09921234,6.62114647227619
"e2","14dpi","S3","Com02","S3.02","smfr1",4,3250,0.00187859784,1730013.70000511,6.2380495423271
"e2","14dpi","S3","Com02","S3.02","spfa2",1,3130,0.00187859784,1666136.27108184,6.22171051889467
"e2","14dpi","S3","Com02","S3.02","spfa2",2,1248,0.00187859784,664325.260801961,5.82238076669463
"e2","14dpi","S3","Com02","S3.02","spfa2",3,1522,0.00187859784,810178.723510084,5.90858083378278
"e2","14dpi","S3","Com02","S3.02","spfa2",4,2197,0.00187859784,1169489.26120345,6.06799623826873
"e2","14dpi","S3","Com03","S3.03","mr01",1,13622,0.00187859784,7251152.80660602,6.86040705729481
"e2","14dpi","S3","Com03","S3.03","mr01",2,17480,0.00187859784,9304812.146489,6.96870760964661
"e2","14dpi","S3","Com03","S3.03","mr01",3,1792,0.00187859784,953902.938587431,5.97950418667433
"e2","14dpi","S3","Com03","S3.03","mr01",4,4902,0.001753357984,2795778.18376649,6.44650271164172
"e2","14dpi","S3","Com03","S3.03","smfr1",1,2872,0.00187859784,1528799.79889682,6.18435061691849
"e2","14dpi","S3","Com03","S3.03","smfr1",2,7276,0.00187859784,3873101.44038066,6.58805887173967
"e2","14dpi","S3","Com03","S3.03","smfr1",3,5309,0.00187859784,2826043.9179468,6.45117890668938
"e2","14dpi","S3","Com03","S3.03","smfr1",4,4173,0.00187859784,2221337.59080656,6.34661456605993
"e2","14dpi","S3","Com03","S3.03","spfa2",1,1702,0.00187859784,905994.866894982,5.95712573709679
"e2","14dpi","S3","Com03","S3.03","spfa2",2,3327,0.00187859784,1771001.71689753,6.24821898221705
"e2","14dpi","S3","Com03","S3.03","spfa2",3,4466,0.00187859784,2377304.97976086,6.37608490008364
"e2","14dpi","S3","Com03","S3.03","spfa2",4,2120,0.00187859784,1128501.24431102,6.05250204227697
"e2","14dpi","S3","Com04","S3.04","meL85",1,701,0.001753357984,399804.264957224,5.60184742269232
"e2","14dpi","S3","Com04","S3.04","meL85",2,4,0.000375719568,10646.2381538776,4.0271961770122
"e2","14dpi","S3","Com04","S3.04","meL85",3,2597,0.00187859784,1382414.024281,6.14063813097752
"e2","14dpi","S3","Com04","S3.04","meL85",4,4,0.000500959424,7984.67861540818,3.9022574404039
"e2","14dpi","S3","Com04","S3.04","meL92",1,8342,0.00187859784,4440545.93398234,6.64743636685803
"e2","14dpi","S3","Com04","S3.04","meL92",2,2320,0.00187859784,1234963.6258498,6.09165416623912
"e2","14dpi","S3","Com04","S3.04","meL92",3,114,0.001377638416,82750.3056505939,4.91776960658215
"e2","14dpi","S3","Com04","S3.04","meL92",4,4424,0.00187859784,2354947.87963772,6.37198129964486
"e2","14dpi","S3","Com04","S3.04","smfr1",1,4439,0.00187859784,2362932.55825313,6.37345132637359
"e2","14dpi","S3","Com04","S3.04","smfr1",2,3410,0.00187859784,1815183.60523613,6.25892056034072
"e2","14dpi","S3","Com04","S3.04","smfr1",3,2431,0.00187859784,1294050.24760382,6.11195114019156
"e2","14dpi","S3","Com04","S3.04","smfr1",4,8276,0.00187859784,4405413.34807454,6.64398666334192
"e2","14dpi","S3","Com05","S3.05","meL85",1,13,0.000751439136,17300.1370000511,4.2380495423271
"e2","14dpi","S3","Com05","S3.05","meL85",2,1763,0.00187859784,938465.893264308,5.97241849364754
"e2","14dpi","S3","Com05","S3.05","meL85",3,675,0.00187859784,359310.537693368,5.55546995417925
"e2","14dpi","S3","Com05","S3.05","meL85",4,1,0.000125239856,7984.67861540818,3.9022574404039
"e2","14dpi","S3","Com05","S3.05","mr01",1,7993,0.00187859784,4254769.07819717,6.6288759943181
"e2","14dpi","S3","Com05","S3.05","mr01",2,4932,0.00187859784,2625362.32874621,6.41918924927192
"e2","14dpi","S3","Com05","S3.05","mr01",3,7618,0.00187859784,4055152.11281197,6.60800714967315
"e2","14dpi","S3","Com05","S3.05","mr01",4,423,0.001753357984,241251.36102269,5.38246977210071
"e2","14dpi","S3","Com05","S3.05","smfr1",1,6326,0.00187859784,3367405.12807148,6.52729536892793
"e2","14dpi","S3","Com05","S3.05","smfr1",2,10650,0.00187859784,5669121.81693981,6.75351578912298
"e2","14dpi","S3","Com05","S3.05","smfr1",3,7660,0.00187859784,4077509.21293511,6.61039495098083
"e2","14dpi","S3","Com05","S3.05","smfr1",4,7007,0.00187859784,3729909.53721101,6.5716982988418
"e2","14dpi","S3","Com06","S3.06","meL92",1,2143,0.00187859784,1140744.41818798,6.05718835239005
"e2","14dpi","S3","Com06","S3.06","meL92",2,1719,0.00187859784,915044.169325778,5.96144205803527
"e2","14dpi","S3","Com06","S3.06","meL92",3,4677,0.00187859784,2489622.79228427,6.39613355125673
"e2","14dpi","S3","Com06","S3.06","meL92",4,1623,0.00187859784,863942.226187165,5.93648470117445
"e2","14dpi","S3","Com06","S3.06","mr01",1,485,0.001628118128,297889.932959459,5.47405582669933
"e2","14dpi","S3","Com06","S3.06","mr01",2,4253,0.00187859784,2263922.54342207,6.35486156406225
"e2","14dpi","S3","Com06","S3.06","mr01",3,7328,0.00187859784,3900781.65958074,6.59115164200802
"e2","14dpi","S3","Com06","S3.06","mr01",4,2671,0.00187859784,1421805.10545035,6.15284006936959
"e2","14dpi","S3","Com06","S3.06","smfr1",1,1339,0.001753357984,763677.476145111,5.88290998173767
"e2","14dpi","S3","Com06","S3.06","smfr1",2,4391,0.00187859784,2337381.58668382,6.36872961845261
"e2","14dpi","S3","Com06","S3.06","smfr1",3,6786,0.00187859784,3612268.60561066,6.55778003665732
"e2","14dpi","S3","Com06","S3.06","smfr1",4,9244,0.00187859784,4920691.27472221,6.69202611815529
"e2","14dpi","S3","Com07","S3.07","meL85",1,7,0.000500959424,13973.1875769643,4.1452954890902
"e2","14dpi","S3","Com07","S3.07","meL85",2,184,0.00187859784,97945.3910156737,4.99098400435776
"e2","14dpi","S3","Com07","S3.07","meL85",3,46,0.001502878272,30607.934692398,4.48583402603785
"e2","14dpi","S3","Com07","S3.07","meL85",4,456,0.001127158704,404557.049847348,5.60697977362901
"e2","14dpi","S3","Com07","S3.07","meL92",1,979,0.00187859784,521133.357632307,5.71694887315136
"e2","14dpi","S3","Com07","S3.07","meL92",2,440,0.00187859784,234217.239385307,5.36961885783441
"e2","14dpi","S3","Com07","S3.07","meL92",3,9213,0.00187859784,4904189.60558371,6.69056725251095
"e2","14dpi","S3","Com07","S3.07","meL92",4,3260,0.00187859784,1735336.81908204,6.23938378141616
"e2","14dpi","S3","Com07","S3.07","spfa2",1,4922,0.00187859784,2620039.20966927,6.41830779071501
"e2","14dpi","S3","Com07","S3.07","spfa2",2,5750,0.00187859784,3060793.4692398,6.48583402603785
"e2","14dpi","S3","Com07","S3.07","spfa2",3,1854,0.00187859784,986906.276864451,5.9942759111567
"e2","14dpi","S3","Com07","S3.07","spfa2",4,8453,0.00187859784,4499632.55573636,6.65317705032387
"e2","14dpi","S3","Com08","S3.08","meL85",1,1640,0.00187859784,872991.528617961,5.94101002939592
"e2","14dpi","S3","Com08","S3.08","meL85",2,3169,0.001628118128,1946418.96401758,6.28923632728737
"e2","14dpi","S3","Com08","S3.08","meL85",4,5,0.000250479712,19961.6965385205,4.30019744907594
"e2","14dpi","S3","Com08","S3.08","mr01",1,298,0.001628118128,183033.402107049,5.26253035217332
"e2","14dpi","S3","Com08","S3.08","mr01",2,1861,0.002003837696,928717.931454664,5.96788383087875
"e2","14dpi","S3","Com08","S3.08","mr01",3,713,0.00187859784,379538.390185736,5.57925571120009
"e2","14dpi","S3","Com08","S3.08","mr01",4,945,0.00187859784,503034.752770715,5.70159798985749
"e2","14dpi","S3","Com08","S3.08","spfa2",1,3544,0.00187859784,1886513.40086711,6.27565989456324
"e2","14dpi","S3","Com08","S3.08","spfa2",2,1678,0.002003837696,837393.169790933,5.92292941424066
"e2","14dpi","S3","Com08","S3.08","spfa2",3,832,0.00187859784,442883.507201307,5.64628950763895
"e2","14dpi","S3","Com08","S3.08","spfa2",4,1302,0.00187859784,693070.10381743,5.8407771655804
"e2","14dpi","S3","Com09","S3.09","meL92",1,93,0.00187859784,49505.0074155307,4.69464912990216
"e2","14dpi","S3","Com09","S3.09","meL92",2,1334,0.00187859784,710104.084863634,5.85132201092875
"e2","14dpi","S3","Com09","S3.09","meL92",3,50,0.001377638416,36293.9937064008,4.5598347595817
"e2","14dpi","S3","Com09","S3.09","meL92",4,66,0.001628118128,40537.59912438,4.60785802363894
"e2","14dpi","S3","Com09","S3.09","mr01",1,515,0.001753357984,293722.106209658,5.46793663376686
"e2","14dpi","S3","Com09","S3.09","mr01",2,6551,0.00187859784,3487175.3073026,6.54247378078016
"e2","14dpi","S3","Com09","S3.09","mr01",3,2639,0.00187859784,1404771.12440415,6.14760557156827
"e2","14dpi","S3","Com09","S3.09","mr01",4,620,0.00187859784,330033.382770205,5.51855787084648
"e2","14dpi","S3","Com09","S3.09","spfa2",1,2733,0.00187859784,1454808.44372737,6.16280581304088
"e2","14dpi","S3","Com09","S3.09","spfa2",2,3694,0.00187859784,1966360.18702119,6.29366307245244
"e2","14dpi","S3","Com09","S3.09","spfa2",3,7236,0.00187859784,3851808.96407291,6.585664739536
"e2","14dpi","S3","Com09","S3.09","spfa2",4,2918,0.00187859784,1553286.14665074,6.19125146890566
"e2","14dpi","S3","Com10","S3.10","meL85",1,108,0.001127158704,95816.1433848982,4.98143868645153
"e2","14dpi","S3","Com10","S3.10","meL85",2,8,0.000500959424,15969.3572308164,4.20328743606788
"e2","14dpi","S3","Com10","S3.10","meL85",3,1,0.000125239856,7984.67861540818,3.9022574404039
"e2","14dpi","S3","Com10","S3.10","meL85",4,8,0.000375719568,21292.4763077552,4.32822617267618
"e2","14dpi","S3","Com10","S3.10","meL92",1,1944,0.00187859784,1034814.3485569,6.01486244193848
"e2","14dpi","S3","Com10","S3.10","meL92",2,9770,0.00187859784,5200687.3381692,6.716060745067
"e2","14dpi","S3","Com10","S3.10","meL92",3,1830,0.00187859784,974130.791079798,5.98861727107865
"e2","14dpi","S3","Com10","S3.10","meL92",4,2357,0.001753357984,1344277.67832265,6.12848898724999
"e2","14dpi","S3","Com10","S3.10","mr01",1,2942,0.00187859784,1566061.63243539,6.19480884973973
"e2","14dpi","S3","Com10","S3.10","mr01",2,5912,0.00187859784,3147027.99828621,6.49790060673499
"e2","14dpi","S3","Com10","S3.10","mr01",3,1863,0.00187859784,991697.084033696,5.99637903624446
"e2","14dpi","S3","Com10","S3.10","mr01",4,2182,0.001753357984,1244469.19563005,6.09498415097799
